idx,item,type,logprob
0,0,neg_main_good,-2.0043208599090576
0,0,neg_main_bad,-2.648200750350952
0,0,neg_arc_good,-2.799372434616089
0,0,neg_arc_bad,-2.548078775405884
1,0,neg_main_good,-1.7542343139648438
1,0,neg_main_bad,-2.370967149734497
1,0,neg_arc_good,-2.966646671295166
1,0,neg_arc_bad,-2.474027633666992
2,1,neg_main_good,-2.043445348739624
2,1,neg_main_bad,-2.6477484703063965
2,1,neg_arc_good,-2.863394260406494
2,1,neg_arc_bad,-2.420915126800537
3,1,neg_main_good,-2.175712823867798
3,1,neg_main_bad,-2.730623245239258
3,1,neg_arc_good,-3.4432594776153564
3,1,neg_arc_bad,-2.7440452575683594
4,2,neg_main_good,-1.726120114326477
4,2,neg_main_bad,-2.2930285930633545
4,2,neg_arc_good,-2.591092824935913
4,2,neg_arc_bad,-2.1767187118530273
5,2,neg_main_good,-1.7236714363098145
5,2,neg_main_bad,-2.261296510696411
5,2,neg_arc_good,-2.614255666732788
5,2,neg_arc_bad,-2.046736240386963
6,3,neg_main_good,-2.22247052192688
6,3,neg_main_bad,-2.8911633491516113
6,3,neg_arc_good,-3.0331532955169678
6,3,neg_arc_bad,-2.767130136489868
7,3,neg_main_good,-2.3414201736450195
7,3,neg_main_bad,-2.7921664714813232
7,3,neg_arc_good,-3.187286376953125
7,3,neg_arc_bad,-2.457547187805176
8,4,neg_main_good,-2.7475814819335938
8,4,neg_main_bad,-3.252397060394287
8,4,neg_arc_good,-3.488065242767334
8,4,neg_arc_bad,-3.3657994270324707
9,4,neg_main_good,-2.2354564666748047
9,4,neg_main_bad,-2.6809587478637695
9,4,neg_arc_good,-3.8378171920776367
9,4,neg_arc_bad,-3.304992198944092
10,5,neg_main_good,-2.87591290473938
10,5,neg_main_bad,-3.8851523399353027
10,5,neg_arc_good,-4.052678108215332
10,5,neg_arc_bad,-3.334010601043701
11,5,neg_main_good,-3.0077364444732666
11,5,neg_main_bad,-3.763838052749634
11,5,neg_arc_good,-4.196922302246094
11,5,neg_arc_bad,-3.2723870277404785
12,6,neg_main_good,-2.1631505489349365
12,6,neg_main_bad,-2.7022063732147217
12,6,neg_arc_good,-2.634411334991455
12,6,neg_arc_bad,-2.378401279449463
13,6,neg_main_good,-1.8509750366210938
13,6,neg_main_bad,-2.2520408630371094
13,6,neg_arc_good,-2.8986129760742188
13,6,neg_arc_bad,-2.5257341861724854
14,7,neg_main_good,-1.9303948879241943
14,7,neg_main_bad,-2.709012508392334
14,7,neg_arc_good,-2.7095794677734375
14,7,neg_arc_bad,-2.128805160522461
15,7,neg_main_good,-1.7945631742477417
15,7,neg_main_bad,-2.508391857147217
15,7,neg_arc_good,-3.3397674560546875
15,7,neg_arc_bad,-2.6884329319000244
16,8,neg_main_good,-1.8004570007324219
16,8,neg_main_bad,-2.428957939147949
16,8,neg_arc_good,-2.7959036827087402
16,8,neg_arc_bad,-2.3181121349334717
17,8,neg_main_good,-1.999803066253662
17,8,neg_main_bad,-2.586796760559082
17,8,neg_arc_good,-3.0010290145874023
17,8,neg_arc_bad,-2.410473585128784
18,9,neg_main_good,-1.990602731704712
18,9,neg_main_bad,-2.818965196609497
18,9,neg_arc_good,-2.7125589847564697
18,9,neg_arc_bad,-2.391411542892456
19,9,neg_main_good,-1.7198100090026855
19,9,neg_main_bad,-2.1743505001068115
19,9,neg_arc_good,-3.030146837234497
19,9,neg_arc_bad,-2.7181382179260254
20,10,neg_main_good,-2.2680349349975586
20,10,neg_main_bad,-2.9972004890441895
20,10,neg_arc_good,-3.1789073944091797
20,10,neg_arc_bad,-2.8444290161132812
21,10,neg_main_good,-2.2164127826690674
21,10,neg_main_bad,-2.61891770362854
21,10,neg_arc_good,-3.265794277191162
21,10,neg_arc_bad,-2.600109577178955
22,11,neg_main_good,-1.347318410873413
22,11,neg_main_bad,-1.9543460607528687
22,11,neg_arc_good,-2.3020987510681152
22,11,neg_arc_bad,-1.7343740463256836
23,11,neg_main_good,-1.7179501056671143
23,11,neg_main_bad,-2.2034525871276855
23,11,neg_arc_good,-2.6468963623046875
23,11,neg_arc_bad,-2.011779546737671
24,12,neg_main_good,-1.5835788249969482
24,12,neg_main_bad,-2.2580437660217285
24,12,neg_arc_good,-2.5172278881073
24,12,neg_arc_bad,-2.061272621154785
25,12,neg_main_good,-2.175318956375122
25,12,neg_main_bad,-2.4448189735412598
25,12,neg_arc_good,-3.0707755088806152
25,12,neg_arc_bad,-2.609910011291504
26,13,neg_main_good,-1.5155994892120361
26,13,neg_main_bad,-2.268311023712158
26,13,neg_arc_good,-2.508497953414917
26,13,neg_arc_bad,-2.0228919982910156
27,13,neg_main_good,-1.5784521102905273
27,13,neg_main_bad,-2.212597131729126
27,13,neg_arc_good,-2.7721517086029053
27,13,neg_arc_bad,-1.9080758094787598
28,14,neg_main_good,-1.975355625152588
28,14,neg_main_bad,-2.7607598304748535
28,14,neg_arc_good,-2.9036569595336914
28,14,neg_arc_bad,-2.5773322582244873
29,14,neg_main_good,-2.0255706310272217
29,14,neg_main_bad,-2.610016345977783
29,14,neg_arc_good,-3.293503522872925
29,14,neg_arc_bad,-2.51991868019104
30,15,neg_main_good,-2.0248003005981445
30,15,neg_main_bad,-2.7490172386169434
30,15,neg_arc_good,-2.591170310974121
30,15,neg_arc_bad,-2.0873260498046875
31,15,neg_main_good,-1.495308518409729
31,15,neg_main_bad,-2.088369369506836
31,15,neg_arc_good,-3.0066819190979004
31,15,neg_arc_bad,-2.2195496559143066
32,16,neg_main_good,-1.8653403520584106
32,16,neg_main_bad,-2.5112295150756836
32,16,neg_arc_good,-2.593477964401245
32,16,neg_arc_bad,-2.27186918258667
33,16,neg_main_good,-2.0789709091186523
33,16,neg_main_bad,-2.373793601989746
33,16,neg_arc_good,-3.243856430053711
33,16,neg_arc_bad,-2.7850775718688965
34,17,neg_main_good,-2.4201035499572754
34,17,neg_main_bad,-3.3631014823913574
34,17,neg_arc_good,-3.0729897022247314
34,17,neg_arc_bad,-2.51055908203125
35,17,neg_main_good,-2.111701488494873
35,17,neg_main_bad,-2.6570825576782227
35,17,neg_arc_good,-3.259854316711426
35,17,neg_arc_bad,-2.6250879764556885
36,18,neg_main_good,-2.1129817962646484
36,18,neg_main_bad,-2.8221447467803955
36,18,neg_arc_good,-2.7364869117736816
36,18,neg_arc_bad,-2.33821439743042
37,18,neg_main_good,-1.7665165662765503
37,18,neg_main_bad,-2.256105899810791
37,18,neg_arc_good,-3.113638401031494
37,18,neg_arc_bad,-2.5111842155456543
38,19,neg_main_good,-1.8574249744415283
38,19,neg_main_bad,-2.7235169410705566
38,19,neg_arc_good,-2.9031810760498047
38,19,neg_arc_bad,-2.343024492263794
39,19,neg_main_good,-1.681560754776001
39,19,neg_main_bad,-2.299234390258789
39,19,neg_arc_good,-2.805370807647705
39,19,neg_arc_bad,-2.1212263107299805
40,20,neg_main_good,-1.9111387729644775
40,20,neg_main_bad,-2.3317458629608154
40,20,neg_arc_good,-3.198841094970703
40,20,neg_arc_bad,-2.929903030395508
41,20,neg_main_good,-1.9969462156295776
41,20,neg_main_bad,-2.535581111907959
41,20,neg_arc_good,-3.447035789489746
41,20,neg_arc_bad,-3.0957465171813965
42,21,neg_main_good,-1.4975837469100952
42,21,neg_main_bad,-1.9572365283966064
42,21,neg_arc_good,-2.6527464389801025
42,21,neg_arc_bad,-2.3255794048309326
43,21,neg_main_good,-1.8392293453216553
43,21,neg_main_bad,-2.421841621398926
43,21,neg_arc_good,-3.048539161682129
43,21,neg_arc_bad,-2.564528703689575
44,22,neg_main_good,-1.7170391082763672
44,22,neg_main_bad,-2.207874059677124
44,22,neg_arc_good,-3.26375412940979
44,22,neg_arc_bad,-2.993448495864868
45,22,neg_main_good,-1.8428899049758911
45,22,neg_main_bad,-2.4075469970703125
45,22,neg_arc_good,-2.598071336746216
45,22,neg_arc_bad,-2.287489175796509
46,23,neg_main_good,-1.5492336750030518
46,23,neg_main_bad,-2.0639820098876953
46,23,neg_arc_good,-2.777864694595337
46,23,neg_arc_bad,-2.4897427558898926
47,23,neg_main_good,-1.652618408203125
47,23,neg_main_bad,-2.054999351501465
47,23,neg_arc_good,-2.604804277420044
47,23,neg_arc_bad,-2.13051700592041
48,24,neg_main_good,-1.9258475303649902
48,24,neg_main_bad,-2.531014919281006
48,24,neg_arc_good,-3.1676058769226074
48,24,neg_arc_bad,-2.557711601257324
49,24,neg_main_good,-2.4272801876068115
49,24,neg_main_bad,-2.860799551010132
49,24,neg_arc_good,-3.33096981048584
49,24,neg_arc_bad,-2.810654640197754
50,25,neg_main_good,-2.0295653343200684
50,25,neg_main_bad,-2.598581314086914
50,25,neg_arc_good,-3.4777274131774902
50,25,neg_arc_bad,-3.2369155883789062
51,25,neg_main_good,-2.148801565170288
51,25,neg_main_bad,-2.6404035091400146
51,25,neg_arc_good,-3.262111186981201
51,25,neg_arc_bad,-2.6807658672332764
52,26,neg_main_good,-1.813192367553711
52,26,neg_main_bad,-2.3965072631835938
52,26,neg_arc_good,-3.3888328075408936
52,26,neg_arc_bad,-3.145496368408203
53,26,neg_main_good,-2.004087448120117
53,26,neg_main_bad,-2.527702569961548
53,26,neg_arc_good,-2.961951494216919
53,26,neg_arc_bad,-2.3213770389556885
54,27,neg_main_good,-1.6686129570007324
54,27,neg_main_bad,-2.2668838500976562
54,27,neg_arc_good,-3.2012994289398193
54,27,neg_arc_bad,-2.674731731414795
55,27,neg_main_good,-1.7105443477630615
55,27,neg_main_bad,-2.4246268272399902
55,27,neg_arc_good,-2.7532882690429688
55,27,neg_arc_bad,-2.410717248916626
56,28,neg_main_good,-1.8081607818603516
56,28,neg_main_bad,-2.392606496810913
56,28,neg_arc_good,-3.4013285636901855
56,28,neg_arc_bad,-2.8977959156036377
57,28,neg_main_good,-1.6178324222564697
57,28,neg_main_bad,-2.23358416557312
57,28,neg_arc_good,-2.865373373031616
57,28,neg_arc_bad,-2.356654644012451
58,29,neg_main_good,-1.8841830492019653
58,29,neg_main_bad,-2.3361153602600098
58,29,neg_arc_good,-3.300994396209717
58,29,neg_arc_bad,-2.9679906368255615
59,29,neg_main_good,-2.099470615386963
59,29,neg_main_bad,-2.547605514526367
59,29,neg_arc_good,-3.245082139968872
59,29,neg_arc_bad,-2.852895975112915
60,30,neg_main_good,-2.1143178939819336
60,30,neg_main_bad,-2.8426828384399414
60,30,neg_arc_good,-2.925480365753174
60,30,neg_arc_bad,-2.3440308570861816
61,30,neg_main_good,-1.827765703201294
61,30,neg_main_bad,-2.543903350830078
61,30,neg_arc_good,-3.695190668106079
61,30,neg_arc_bad,-3.0368430614471436
62,31,neg_main_good,-2.2413578033447266
62,31,neg_main_bad,-3.299402952194214
62,31,neg_arc_good,-3.2075209617614746
62,31,neg_arc_bad,-2.4548022747039795
63,31,neg_main_good,-2.1432137489318848
63,31,neg_main_bad,-2.873383045196533
63,31,neg_arc_good,-3.569406509399414
63,31,neg_arc_bad,-2.704176425933838
64,32,neg_main_good,-1.7994823455810547
64,32,neg_main_bad,-2.363377809524536
64,32,neg_arc_good,-2.7712793350219727
64,32,neg_arc_bad,-2.631495714187622
65,32,neg_main_good,-1.9894626140594482
65,32,neg_main_bad,-2.31033992767334
65,32,neg_arc_good,-3.339085340499878
65,32,neg_arc_bad,-2.949357032775879
66,33,neg_main_good,-1.8285751342773438
66,33,neg_main_bad,-2.237997531890869
66,33,neg_arc_good,-2.4905519485473633
66,33,neg_arc_bad,-2.355539321899414
67,33,neg_main_good,-1.699535608291626
67,33,neg_main_bad,-2.3939642906188965
67,33,neg_arc_good,-2.740605115890503
67,33,neg_arc_bad,-2.1680235862731934
68,34,neg_main_good,-1.9855499267578125
68,34,neg_main_bad,-2.5040645599365234
68,34,neg_arc_good,-2.699051856994629
68,34,neg_arc_bad,-2.322841167449951
69,34,neg_main_good,-2.0254416465759277
69,34,neg_main_bad,-2.5136983394622803
69,34,neg_arc_good,-3.295424222946167
69,34,neg_arc_bad,-3.013293743133545
70,35,neg_main_good,-1.7761492729187012
70,35,neg_main_bad,-2.2829604148864746
70,35,neg_arc_good,-2.161567449569702
70,35,neg_arc_bad,-1.9328432083129883
71,35,neg_main_good,-1.4272984266281128
71,35,neg_main_bad,-1.8533172607421875
71,35,neg_arc_good,-2.68849515914917
71,35,neg_arc_bad,-2.1859114170074463
72,36,neg_main_good,-1.7894964218139648
72,36,neg_main_bad,-2.4197373390197754
72,36,neg_arc_good,-2.8435933589935303
72,36,neg_arc_bad,-2.06276273727417
73,36,neg_main_good,-1.9747235774993896
73,36,neg_main_bad,-2.4880990982055664
73,36,neg_arc_good,-3.319880485534668
73,36,neg_arc_bad,-3.0189871788024902
74,37,neg_main_good,-1.4879047870635986
74,37,neg_main_bad,-2.0101704597473145
74,37,neg_arc_good,-2.761732816696167
74,37,neg_arc_bad,-2.4000604152679443
75,37,neg_main_good,-1.738640308380127
75,37,neg_main_bad,-2.402583360671997
75,37,neg_arc_good,-2.6980042457580566
75,37,neg_arc_bad,-2.1552295684814453
76,38,neg_main_good,-1.9356474876403809
76,38,neg_main_bad,-2.779478073120117
76,38,neg_arc_good,-3.1013550758361816
76,38,neg_arc_bad,-2.460522174835205
77,38,neg_main_good,-1.6439249515533447
77,38,neg_main_bad,-2.4686498641967773
77,38,neg_arc_good,-2.634352922439575
77,38,neg_arc_bad,-1.8886358737945557
78,39,neg_main_good,-2.3773276805877686
78,39,neg_main_bad,-2.749793291091919
78,39,neg_arc_good,-2.8198442459106445
78,39,neg_arc_bad,-2.6326711177825928
79,39,neg_main_good,-2.1489615440368652
79,39,neg_main_bad,-2.5805041790008545
79,39,neg_arc_good,-3.1048078536987305
79,39,neg_arc_bad,-2.694267749786377
80,40,neg_main_good,-1.695057988166809
80,40,neg_main_bad,-2.4557504653930664
80,40,neg_arc_good,-2.464895248413086
80,40,neg_arc_bad,-1.9774285554885864
81,40,neg_main_good,-1.9447853565216064
81,40,neg_main_bad,-2.47507643699646
81,40,neg_arc_good,-2.9323947429656982
81,40,neg_arc_bad,-2.333887815475464
82,41,neg_main_good,-2.146482467651367
82,41,neg_main_bad,-2.8677978515625
82,41,neg_arc_good,-2.7705531120300293
82,41,neg_arc_bad,-2.3498430252075195
83,41,neg_main_good,-2.0086920261383057
83,41,neg_main_bad,-2.5077991485595703
83,41,neg_arc_good,-3.4783201217651367
83,41,neg_arc_bad,-2.909654140472412
84,42,neg_main_good,-1.9139260053634644
84,42,neg_main_bad,-2.608099937438965
84,42,neg_arc_good,-2.3921992778778076
84,42,neg_arc_bad,-1.9207825660705566
85,42,neg_main_good,-1.6090984344482422
85,42,neg_main_bad,-2.0818538665771484
85,42,neg_arc_good,-2.7257299423217773
85,42,neg_arc_bad,-2.251802921295166
86,43,neg_main_good,-1.6377546787261963
86,43,neg_main_bad,-2.172713279724121
86,43,neg_arc_good,-2.3416647911071777
86,43,neg_arc_bad,-2.083275556564331
87,43,neg_main_good,-1.845092535018921
87,43,neg_main_bad,-2.3511877059936523
87,43,neg_arc_good,-2.921945095062256
87,43,neg_arc_bad,-2.3686485290527344
88,44,neg_main_good,-1.6255218982696533
88,44,neg_main_bad,-2.286163806915283
88,44,neg_arc_good,-2.337873697280884
88,44,neg_arc_bad,-1.9280221462249756
89,44,neg_main_good,-1.7602578401565552
89,44,neg_main_bad,-2.090299606323242
89,44,neg_arc_good,-2.921201705932617
89,44,neg_arc_bad,-2.3810455799102783
90,45,neg_main_good,-2.0034677982330322
90,45,neg_main_bad,-2.6999824047088623
90,45,neg_arc_good,-2.3900461196899414
90,45,neg_arc_bad,-1.898789405822754
91,45,neg_main_good,-1.8424804210662842
91,45,neg_main_bad,-2.309269666671753
91,45,neg_arc_good,-3.067535400390625
91,45,neg_arc_bad,-2.5035033226013184
92,46,neg_main_good,-1.7147403955459595
92,46,neg_main_bad,-2.3513166904449463
92,46,neg_arc_good,-2.2640271186828613
92,46,neg_arc_bad,-1.7267382144927979
93,46,neg_main_good,-1.4696682691574097
93,46,neg_main_bad,-2.0743319988250732
93,46,neg_arc_good,-2.6544947624206543
93,46,neg_arc_bad,-2.058509349822998
94,47,neg_main_good,-2.2597243785858154
94,47,neg_main_bad,-2.8857550621032715
94,47,neg_arc_good,-2.6857943534851074
94,47,neg_arc_bad,-2.3606879711151123
95,47,neg_main_good,-2.082099437713623
95,47,neg_main_bad,-2.4251503944396973
95,47,neg_arc_good,-3.432021379470825
95,47,neg_arc_bad,-2.9580464363098145
96,48,neg_main_good,-1.5036089420318604
96,48,neg_main_bad,-2.207369804382324
96,48,neg_arc_good,-2.6963682174682617
96,48,neg_arc_bad,-1.9084877967834473
97,48,neg_main_good,-1.5778911113739014
97,48,neg_main_bad,-2.5041046142578125
97,48,neg_arc_good,-2.8576927185058594
97,48,neg_arc_bad,-2.1028637886047363
98,49,neg_main_good,-1.4258997440338135
98,49,neg_main_bad,-2.0100903511047363
98,49,neg_arc_good,-2.0266382694244385
98,49,neg_arc_bad,-1.5142521858215332
99,49,neg_main_good,-1.5028897523880005
99,49,neg_main_bad,-2.084345579147339
99,49,neg_arc_good,-2.394740343093872
99,49,neg_arc_bad,-1.7614946365356445
100,50,neg_main_good,-2.463465929031372
100,50,neg_main_bad,-2.8211874961853027
100,50,neg_arc_good,-3.0338969230651855
100,50,neg_arc_bad,-2.367342472076416
101,50,neg_main_good,-2.200258255004883
101,50,neg_main_bad,-2.8522515296936035
101,50,neg_arc_good,-3.339763641357422
101,50,neg_arc_bad,-3.100383996963501
102,51,neg_main_good,-1.5684080123901367
102,51,neg_main_bad,-2.041790008544922
102,51,neg_arc_good,-2.5987820625305176
102,51,neg_arc_bad,-1.998062252998352
103,51,neg_main_good,-1.6978721618652344
103,51,neg_main_bad,-2.284163475036621
103,51,neg_arc_good,-2.545163869857788
103,51,neg_arc_bad,-2.2574222087860107
104,52,neg_main_good,-2.4579286575317383
104,52,neg_main_bad,-2.847115993499756
104,52,neg_arc_good,-3.5638182163238525
104,52,neg_arc_bad,-3.1354424953460693
105,52,neg_main_good,-2.467540979385376
105,52,neg_main_bad,-3.024495840072632
105,52,neg_arc_good,-2.917022466659546
105,52,neg_arc_bad,-2.6091532707214355
106,53,neg_main_good,-2.192843437194824
106,53,neg_main_bad,-2.9545812606811523
106,53,neg_arc_good,-3.6343111991882324
106,53,neg_arc_bad,-2.83510684967041
107,53,neg_main_good,-2.099376678466797
107,53,neg_main_bad,-2.9117493629455566
107,53,neg_arc_good,-2.8362410068511963
107,53,neg_arc_bad,-2.2457199096679688
108,54,neg_main_good,-1.8431519269943237
108,54,neg_main_bad,-2.276315927505493
108,54,neg_arc_good,-3.2294600009918213
108,54,neg_arc_bad,-2.6940712928771973
109,54,neg_main_good,-2.020746946334839
109,54,neg_main_bad,-2.60978364944458
109,54,neg_arc_good,-2.93341064453125
109,54,neg_arc_bad,-2.477786064147949
110,55,neg_main_good,-2.1490697860717773
110,55,neg_main_bad,-2.53619647026062
110,55,neg_arc_good,-2.9742817878723145
110,55,neg_arc_bad,-2.6016836166381836
111,55,neg_main_good,-2.010361433029175
111,55,neg_main_bad,-2.549154281616211
111,55,neg_arc_good,-2.8654727935791016
111,55,neg_arc_bad,-2.6724796295166016
112,56,neg_main_good,-1.4703561067581177
112,56,neg_main_bad,-1.997812271118164
112,56,neg_arc_good,-2.462944984436035
112,56,neg_arc_bad,-1.9101533889770508
113,56,neg_main_good,-1.9634718894958496
113,56,neg_main_bad,-2.5964040756225586
113,56,neg_arc_good,-2.593916893005371
113,56,neg_arc_bad,-2.265636920928955
114,57,neg_main_good,-1.5259640216827393
114,57,neg_main_bad,-2.1384456157684326
114,57,neg_arc_good,-3.0230796337127686
114,57,neg_arc_bad,-2.387007713317871
115,57,neg_main_good,-2.313868284225464
115,57,neg_main_bad,-2.9502930641174316
115,57,neg_arc_good,-3.0669054985046387
115,57,neg_arc_bad,-2.6641087532043457
116,58,neg_main_good,-1.7295067310333252
116,58,neg_main_bad,-2.426513195037842
116,58,neg_arc_good,-3.2044029235839844
116,58,neg_arc_bad,-2.5095205307006836
117,58,neg_main_good,-2.0316972732543945
117,58,neg_main_bad,-3.0042524337768555
117,58,neg_arc_good,-2.748091220855713
117,58,neg_arc_bad,-2.163060188293457
118,59,neg_main_good,-2.422743082046509
118,59,neg_main_bad,-2.844799041748047
118,59,neg_arc_good,-3.7520663738250732
118,59,neg_arc_bad,-3.2419447898864746
119,59,neg_main_good,-2.591050863265991
119,59,neg_main_bad,-3.3569858074188232
119,59,neg_arc_good,-3.5593528747558594
119,59,neg_arc_bad,-3.258760690689087
120,60,neg_main_good,-2.0583746433258057
120,60,neg_main_bad,-3.0621399879455566
120,60,neg_arc_good,-3.5926671028137207
120,60,neg_arc_bad,-2.942788600921631
121,60,neg_main_good,-1.968085527420044
121,60,neg_main_bad,-2.6757924556732178
121,60,neg_arc_good,-2.8507280349731445
121,60,neg_arc_bad,-2.167893409729004
122,61,neg_main_good,-1.5320022106170654
122,61,neg_main_bad,-2.1589059829711914
122,61,neg_arc_good,-2.6645665168762207
122,61,neg_arc_bad,-2.335963249206543
123,61,neg_main_good,-1.5279788970947266
123,61,neg_main_bad,-2.0593667030334473
123,61,neg_arc_good,-2.738633632659912
123,61,neg_arc_bad,-2.321342945098877
124,62,neg_main_good,-1.8040621280670166
124,62,neg_main_bad,-2.3472163677215576
124,62,neg_arc_good,-2.6768786907196045
124,62,neg_arc_bad,-2.2053771018981934
125,62,neg_main_good,-1.5740586519241333
125,62,neg_main_bad,-2.236814498901367
125,62,neg_arc_good,-3.0585148334503174
125,62,neg_arc_bad,-2.4624741077423096
126,63,neg_main_good,-2.14499831199646
126,63,neg_main_bad,-2.954002618789673
126,63,neg_arc_good,-2.9834725856781006
126,63,neg_arc_bad,-2.417266368865967
127,63,neg_main_good,-2.5025527477264404
127,63,neg_main_bad,-3.1492791175842285
127,63,neg_arc_good,-3.7769174575805664
127,63,neg_arc_bad,-3.0717196464538574
128,64,neg_main_good,-1.4239675998687744
128,64,neg_main_bad,-2.091677188873291
128,64,neg_arc_good,-2.881774425506592
128,64,neg_arc_bad,-2.253040313720703
129,64,neg_main_good,-2.091838836669922
129,64,neg_main_bad,-2.814452886581421
129,64,neg_arc_good,-3.2613022327423096
129,64,neg_arc_bad,-2.4595751762390137
130,65,neg_main_good,-1.819253921508789
130,65,neg_main_bad,-2.4430172443389893
130,65,neg_arc_good,-2.7906100749969482
130,65,neg_arc_bad,-2.118922710418701
131,65,neg_main_good,-1.7217638492584229
131,65,neg_main_bad,-2.3135533332824707
131,65,neg_arc_good,-3.1381900310516357
131,65,neg_arc_bad,-2.5097944736480713
132,66,neg_main_good,-2.2626705169677734
132,66,neg_main_bad,-3.0818052291870117
132,66,neg_arc_good,-3.537229537963867
132,66,neg_arc_bad,-2.7501444816589355
133,66,neg_main_good,-1.7888801097869873
133,66,neg_main_bad,-2.4631707668304443
133,66,neg_arc_good,-2.740821123123169
133,66,neg_arc_bad,-2.0347836017608643
134,67,neg_main_good,-2.004337787628174
134,67,neg_main_bad,-2.761528491973877
134,67,neg_arc_good,-3.3439900875091553
134,67,neg_arc_bad,-2.7038931846618652
135,67,neg_main_good,-1.8305646181106567
135,67,neg_main_bad,-2.4924917221069336
135,67,neg_arc_good,-2.77182936668396
135,67,neg_arc_bad,-2.1646432876586914
136,68,neg_main_good,-2.2775254249572754
136,68,neg_main_bad,-2.9290695190429688
136,68,neg_arc_good,-2.7039976119995117
136,68,neg_arc_bad,-2.2965965270996094
137,68,neg_main_good,-1.7447857856750488
137,68,neg_main_bad,-2.278261423110962
137,68,neg_arc_good,-3.1112496852874756
137,68,neg_arc_bad,-2.472734212875366
138,69,neg_main_good,-1.8008167743682861
138,69,neg_main_bad,-2.640252113342285
138,69,neg_arc_good,-2.9674458503723145
138,69,neg_arc_bad,-2.446115255355835
139,69,neg_main_good,-1.6298372745513916
139,69,neg_main_bad,-2.2367923259735107
139,69,neg_arc_good,-3.337540864944458
139,69,neg_arc_bad,-2.606873035430908
140,70,neg_main_good,-1.5806047916412354
140,70,neg_main_bad,-1.9242826700210571
140,70,neg_arc_good,-2.5964276790618896
140,70,neg_arc_bad,-2.389647960662842
141,70,neg_main_good,-1.6807312965393066
141,70,neg_main_bad,-2.1038851737976074
141,70,neg_arc_good,-2.521707534790039
141,70,neg_arc_bad,-2.21907639503479
142,71,neg_main_good,-1.5403106212615967
142,71,neg_main_bad,-1.886505126953125
142,71,neg_arc_good,-2.894162654876709
142,71,neg_arc_bad,-2.463268280029297
143,71,neg_main_good,-1.9271509647369385
143,71,neg_main_bad,-2.3982956409454346
143,71,neg_arc_good,-2.663271188735962
143,71,neg_arc_bad,-2.3233120441436768
144,72,neg_main_good,-1.458024024963379
144,72,neg_main_bad,-2.506401300430298
144,72,neg_arc_good,-3.025904655456543
144,72,neg_arc_bad,-2.2876014709472656
145,72,neg_main_good,-1.6328738927841187
145,72,neg_main_bad,-2.235332489013672
145,72,neg_arc_good,-2.634077548980713
145,72,neg_arc_bad,-2.085277557373047
146,73,neg_main_good,-1.8196380138397217
146,73,neg_main_bad,-2.4091954231262207
146,73,neg_arc_good,-3.309575080871582
146,73,neg_arc_bad,-2.5833842754364014
147,73,neg_main_good,-2.0554559230804443
147,73,neg_main_bad,-2.787379026412964
147,73,neg_arc_good,-2.8189785480499268
147,73,neg_arc_bad,-2.2536654472351074
148,74,neg_main_good,-2.0501577854156494
148,74,neg_main_bad,-2.5411739349365234
148,74,neg_arc_good,-3.4794318675994873
148,74,neg_arc_bad,-2.8565433025360107
149,74,neg_main_good,-2.1897025108337402
149,74,neg_main_bad,-2.6288328170776367
149,74,neg_arc_good,-2.8245911598205566
149,74,neg_arc_bad,-2.4990029335021973
150,75,neg_main_good,-2.4558608531951904
150,75,neg_main_bad,-3.2225258350372314
150,75,neg_arc_good,-4.066516399383545
150,75,neg_arc_bad,-3.1415419578552246
151,75,neg_main_good,-2.923705816268921
151,75,neg_main_bad,-3.7155234813690186
151,75,neg_arc_good,-3.648603916168213
151,75,neg_arc_bad,-3.0180845260620117
152,76,neg_main_good,-1.7091801166534424
152,76,neg_main_bad,-2.177847385406494
152,76,neg_arc_good,-2.599048614501953
152,76,neg_arc_bad,-2.016757011413574
153,76,neg_main_good,-1.7476292848587036
153,76,neg_main_bad,-2.319131851196289
153,76,neg_arc_good,-2.4586029052734375
153,76,neg_arc_bad,-2.157057046890259
154,77,neg_main_good,-1.475957989692688
154,77,neg_main_bad,-1.9431161880493164
154,77,neg_arc_good,-2.3628365993499756
154,77,neg_arc_bad,-1.9490928649902344
155,77,neg_main_good,-1.7159879207611084
155,77,neg_main_bad,-2.3819847106933594
155,77,neg_arc_good,-2.9843952655792236
155,77,neg_arc_bad,-2.4798316955566406
156,78,neg_main_good,-2.493926763534546
156,78,neg_main_bad,-2.876955509185791
156,78,neg_arc_good,-3.416128396987915
156,78,neg_arc_bad,-2.978318214416504
157,78,neg_main_good,-2.2492012977600098
157,78,neg_main_bad,-2.817031145095825
157,78,neg_arc_good,-3.2237699031829834
157,78,neg_arc_bad,-2.872574806213379
158,79,neg_main_good,-2.2049098014831543
158,79,neg_main_bad,-3.1680469512939453
158,79,neg_arc_good,-3.4899652004241943
158,79,neg_arc_bad,-2.8804397583007812
159,79,neg_main_good,-2.3921620845794678
159,79,neg_main_bad,-3.0476269721984863
159,79,neg_arc_good,-3.2412145137786865
159,79,neg_arc_bad,-2.7778406143188477
160,80,neg_main_good,-2.0098204612731934
160,80,neg_main_bad,-2.6097397804260254
160,80,neg_arc_good,-3.3877530097961426
160,80,neg_arc_bad,-3.0744621753692627
161,80,neg_main_good,-2.207829713821411
161,80,neg_main_bad,-2.796196937561035
161,80,neg_arc_good,-3.105139970779419
161,80,neg_arc_bad,-2.5369677543640137
162,81,neg_main_good,-2.216003894805908
162,81,neg_main_bad,-2.692647933959961
162,81,neg_arc_good,-3.2728805541992188
162,81,neg_arc_bad,-3.088768243789673
163,81,neg_main_good,-2.342491865158081
163,81,neg_main_bad,-2.7467355728149414
163,81,neg_arc_good,-3.361908435821533
163,81,neg_arc_bad,-2.9502623081207275
164,82,neg_main_good,-1.9628591537475586
164,82,neg_main_bad,-2.3860416412353516
164,82,neg_arc_good,-2.9336960315704346
164,82,neg_arc_bad,-2.5787625312805176
165,82,neg_main_good,-1.7413129806518555
165,82,neg_main_bad,-2.2368216514587402
165,82,neg_arc_good,-3.381321430206299
165,82,neg_arc_bad,-3.3313229084014893
166,83,neg_main_good,-1.896604299545288
166,83,neg_main_bad,-2.357239007949829
166,83,neg_arc_good,-3.3258414268493652
166,83,neg_arc_bad,-2.7971737384796143
167,83,neg_main_good,-1.5653736591339111
167,83,neg_main_bad,-2.1345973014831543
167,83,neg_arc_good,-3.1814820766448975
167,83,neg_arc_bad,-3.2183327674865723
168,84,neg_main_good,-1.8640486001968384
168,84,neg_main_bad,-2.169644832611084
168,84,neg_arc_good,-2.9981484413146973
168,84,neg_arc_bad,-2.614846706390381
169,84,neg_main_good,-1.468282699584961
169,84,neg_main_bad,-2.007486581802368
169,84,neg_arc_good,-2.959517478942871
169,84,neg_arc_bad,-2.6610236167907715
170,85,neg_main_good,-2.216679096221924
170,85,neg_main_bad,-3.099822521209717
170,85,neg_arc_good,-4.192197799682617
170,85,neg_arc_bad,-3.509883403778076
171,85,neg_main_good,-2.2075891494750977
171,85,neg_main_bad,-3.2695140838623047
171,85,neg_arc_good,-3.4242441654205322
171,85,neg_arc_bad,-2.868899345397949
172,86,neg_main_good,-1.6327816247940063
172,86,neg_main_bad,-2.07198429107666
172,86,neg_arc_good,-3.2803473472595215
172,86,neg_arc_bad,-2.943601608276367
173,86,neg_main_good,-2.0423834323883057
173,86,neg_main_bad,-2.560234785079956
173,86,neg_arc_good,-2.7643656730651855
173,86,neg_arc_bad,-2.499544143676758
174,87,neg_main_good,-2.2299246788024902
174,87,neg_main_bad,-2.764568328857422
174,87,neg_arc_good,-3.548694372177124
174,87,neg_arc_bad,-3.0596063137054443
175,87,neg_main_good,-2.1024649143218994
175,87,neg_main_bad,-2.6815693378448486
175,87,neg_arc_good,-3.4844536781311035
175,87,neg_arc_bad,-3.0984578132629395
176,88,neg_main_good,-2.078747034072876
176,88,neg_main_bad,-2.7844276428222656
176,88,neg_arc_good,-4.133662223815918
176,88,neg_arc_bad,-3.5708439350128174
177,88,neg_main_good,-2.272066116333008
177,88,neg_main_bad,-3.0526249408721924
177,88,neg_arc_good,-3.2203638553619385
177,88,neg_arc_bad,-2.7297677993774414
178,89,neg_main_good,-1.8064849376678467
178,89,neg_main_bad,-2.125068426132202
178,89,neg_arc_good,-2.7456467151641846
178,89,neg_arc_bad,-2.585296392440796
179,89,neg_main_good,-1.6682860851287842
179,89,neg_main_bad,-2.1740150451660156
179,89,neg_arc_good,-3.0164296627044678
179,89,neg_arc_bad,-2.8484296798706055
180,90,neg_main_good,-1.5725151300430298
180,90,neg_main_bad,-2.19161319732666
180,90,neg_arc_good,-2.4836740493774414
180,90,neg_arc_bad,-2.076341390609741
181,90,neg_main_good,-1.7963790893554688
181,90,neg_main_bad,-2.486114740371704
181,90,neg_arc_good,-2.704592227935791
181,90,neg_arc_bad,-2.13242244720459
182,91,neg_main_good,-1.9332693815231323
182,91,neg_main_bad,-2.61163330078125
182,91,neg_arc_good,-2.906836986541748
182,91,neg_arc_bad,-2.318228006362915
183,91,neg_main_good,-2.007781744003296
183,91,neg_main_bad,-2.8410756587982178
183,91,neg_arc_good,-3.120718002319336
183,91,neg_arc_bad,-2.441588878631592
184,92,neg_main_good,-1.9541523456573486
184,92,neg_main_bad,-2.5158438682556152
184,92,neg_arc_good,-2.884876012802124
184,92,neg_arc_bad,-2.437058687210083
185,92,neg_main_good,-2.5334362983703613
185,92,neg_main_bad,-3.0088350772857666
185,92,neg_arc_good,-3.1912827491760254
185,92,neg_arc_bad,-2.634089946746826
186,93,neg_main_good,-1.5773165225982666
186,93,neg_main_bad,-2.199622392654419
186,93,neg_arc_good,-2.760483741760254
186,93,neg_arc_bad,-2.2372283935546875
187,93,neg_main_good,-1.5746047496795654
187,93,neg_main_bad,-2.12341046333313
187,93,neg_arc_good,-2.7535924911499023
187,93,neg_arc_bad,-2.1564173698425293
188,94,neg_main_good,-2.0868701934814453
188,94,neg_main_bad,-2.9160118103027344
188,94,neg_arc_good,-3.219487190246582
188,94,neg_arc_bad,-2.4756999015808105
189,94,neg_main_good,-2.3695173263549805
189,94,neg_main_bad,-3.0917158126831055
189,94,neg_arc_good,-3.4064455032348633
189,94,neg_arc_bad,-2.7486917972564697
190,95,neg_main_good,-1.698701024055481
190,95,neg_main_bad,-2.237619400024414
190,95,neg_arc_good,-2.6461703777313232
190,95,neg_arc_bad,-2.084463119506836
191,95,neg_main_good,-1.678491234779358
191,95,neg_main_bad,-2.301469564437866
191,95,neg_arc_good,-2.8364052772521973
191,95,neg_arc_bad,-2.31820011138916
192,96,neg_main_good,-1.535772681236267
192,96,neg_main_bad,-1.9986299276351929
192,96,neg_arc_good,-2.3961181640625
192,96,neg_arc_bad,-2.0544474124908447
193,96,neg_main_good,-1.811984896659851
193,96,neg_main_bad,-2.41304087638855
193,96,neg_arc_good,-2.7054476737976074
193,96,neg_arc_bad,-2.2122089862823486
194,97,neg_main_good,-2.3462111949920654
194,97,neg_main_bad,-2.722217082977295
194,97,neg_arc_good,-3.1193206310272217
194,97,neg_arc_bad,-2.835981607437134
195,97,neg_main_good,-2.45330548286438
195,97,neg_main_bad,-2.8162763118743896
195,97,neg_arc_good,-3.135725736618042
195,97,neg_arc_bad,-3.0110299587249756
196,98,neg_main_good,-2.4838058948516846
196,98,neg_main_bad,-2.787416696548462
196,98,neg_arc_good,-3.165511131286621
196,98,neg_arc_bad,-2.961015224456787
197,98,neg_main_good,-2.4361677169799805
197,98,neg_main_bad,-2.8204684257507324
197,98,neg_arc_good,-3.088193416595459
197,98,neg_arc_bad,-2.5537655353546143
198,99,neg_main_good,-2.1619038581848145
198,99,neg_main_bad,-2.7811472415924072
198,99,neg_arc_good,-3.018742084503174
198,99,neg_arc_bad,-2.4979169368743896
199,99,neg_main_good,-2.2094993591308594
199,99,neg_main_bad,-2.816087007522583
199,99,neg_arc_good,-3.1968283653259277
199,99,neg_arc_bad,-2.6990582942962646
200,100,neg_main_good,-2.21334171295166
200,100,neg_main_bad,-2.739227294921875
200,100,neg_arc_good,-3.339057683944702
200,100,neg_arc_bad,-2.7562241554260254
201,100,neg_main_good,-2.371979236602783
201,100,neg_main_bad,-3.210902214050293
201,100,neg_arc_good,-3.287193775177002
201,100,neg_arc_bad,-2.851846218109131
202,101,neg_main_good,-1.6134328842163086
202,101,neg_main_bad,-2.2507426738739014
202,101,neg_arc_good,-2.71451735496521
202,101,neg_arc_bad,-2.022519826889038
203,101,neg_main_good,-1.5177507400512695
203,101,neg_main_bad,-2.200127363204956
203,101,neg_arc_good,-2.4865431785583496
203,101,neg_arc_bad,-2.0547564029693604
204,102,neg_main_good,-1.7863097190856934
204,102,neg_main_bad,-2.2985482215881348
204,102,neg_arc_good,-3.016342878341675
204,102,neg_arc_bad,-2.319443941116333
205,102,neg_main_good,-1.8377525806427002
205,102,neg_main_bad,-2.603839159011841
205,102,neg_arc_good,-2.6699585914611816
205,102,neg_arc_bad,-2.2879276275634766
206,103,neg_main_good,-2.017843008041382
206,103,neg_main_bad,-2.458454132080078
206,103,neg_arc_good,-3.084343910217285
206,103,neg_arc_bad,-2.496368646621704
207,103,neg_main_good,-2.3504183292388916
207,103,neg_main_bad,-3.174853801727295
207,103,neg_arc_good,-2.9132046699523926
207,103,neg_arc_bad,-2.3463399410247803
208,104,neg_main_good,-1.9014434814453125
208,104,neg_main_bad,-2.3408095836639404
208,104,neg_arc_good,-2.864314079284668
208,104,neg_arc_bad,-2.092668056488037
209,104,neg_main_good,-1.941786766052246
209,104,neg_main_bad,-2.7238988876342773
209,104,neg_arc_good,-2.7269906997680664
209,104,neg_arc_bad,-2.4706664085388184
210,105,neg_main_good,-1.8620022535324097
210,105,neg_main_bad,-2.268263816833496
210,105,neg_arc_good,-2.8369028568267822
210,105,neg_arc_bad,-2.2707436084747314
211,105,neg_main_good,-1.8623323440551758
211,105,neg_main_bad,-2.517291784286499
211,105,neg_arc_good,-2.816011905670166
211,105,neg_arc_bad,-2.4580464363098145
212,106,neg_main_good,-2.089977264404297
212,106,neg_main_bad,-2.6676530838012695
212,106,neg_arc_good,-3.195219039916992
212,106,neg_arc_bad,-2.6488165855407715
213,106,neg_main_good,-2.093228340148926
213,106,neg_main_bad,-2.7145135402679443
213,106,neg_arc_good,-2.9753549098968506
213,106,neg_arc_bad,-2.6173057556152344
214,107,neg_main_good,-1.6827892065048218
214,107,neg_main_bad,-2.5182368755340576
214,107,neg_arc_good,-3.1941981315612793
214,107,neg_arc_bad,-2.6155283451080322
215,107,neg_main_good,-2.032625198364258
215,107,neg_main_bad,-2.8433380126953125
215,107,neg_arc_good,-2.8484463691711426
215,107,neg_arc_bad,-2.4640486240386963
216,108,neg_main_good,-1.762751817703247
216,108,neg_main_bad,-2.315553903579712
216,108,neg_arc_good,-2.78761887550354
216,108,neg_arc_bad,-2.248721122741699
217,108,neg_main_good,-1.463233470916748
217,108,neg_main_bad,-1.9833741188049316
217,108,neg_arc_good,-2.3121204376220703
217,108,neg_arc_bad,-1.8167130947113037
218,109,neg_main_good,-1.9201085567474365
218,109,neg_main_bad,-2.4499831199645996
218,109,neg_arc_good,-2.857630491256714
218,109,neg_arc_bad,-2.1616015434265137
219,109,neg_main_good,-1.9327619075775146
219,109,neg_main_bad,-2.8294801712036133
219,109,neg_arc_good,-2.874704360961914
219,109,neg_arc_bad,-2.436277151107788
220,110,neg_main_good,-1.9944467544555664
220,110,neg_main_bad,-2.766977071762085
220,110,neg_arc_good,-3.154864549636841
220,110,neg_arc_bad,-2.34368896484375
221,110,neg_main_good,-2.289707660675049
221,110,neg_main_bad,-3.160788059234619
221,110,neg_arc_good,-3.517873525619507
221,110,neg_arc_bad,-2.6818320751190186
222,111,neg_main_good,-1.5705620050430298
222,111,neg_main_bad,-2.3321430683135986
222,111,neg_arc_good,-3.083966016769409
222,111,neg_arc_bad,-2.2561874389648438
223,111,neg_main_good,-2.080040454864502
223,111,neg_main_bad,-2.9384570121765137
223,111,neg_arc_good,-3.0993921756744385
223,111,neg_arc_bad,-2.518439769744873
224,112,neg_main_good,-2.3956217765808105
224,112,neg_main_bad,-2.9331183433532715
224,112,neg_arc_good,-3.3745036125183105
224,112,neg_arc_bad,-2.736431121826172
225,112,neg_main_good,-2.346195697784424
225,112,neg_main_bad,-3.0159075260162354
225,112,neg_arc_good,-3.2087204456329346
225,112,neg_arc_bad,-2.8065929412841797
226,113,neg_main_good,-2.1383235454559326
226,113,neg_main_bad,-2.656463384628296
226,113,neg_arc_good,-3.234239339828491
226,113,neg_arc_bad,-2.5912957191467285
227,113,neg_main_good,-2.2976176738739014
227,113,neg_main_bad,-2.9250612258911133
227,113,neg_arc_good,-3.082213878631592
227,113,neg_arc_bad,-2.605701446533203
228,114,neg_main_good,-1.9882750511169434
228,114,neg_main_bad,-2.6286425590515137
228,114,neg_arc_good,-3.002872943878174
228,114,neg_arc_bad,-2.3334217071533203
229,114,neg_main_good,-1.6534819602966309
229,114,neg_main_bad,-2.3812007904052734
229,114,neg_arc_good,-2.8819618225097656
229,114,neg_arc_bad,-2.1779932975769043
230,115,neg_main_good,-1.8839906454086304
230,115,neg_main_bad,-2.958327293395996
230,115,neg_arc_good,-3.8652453422546387
230,115,neg_arc_bad,-2.8464646339416504
231,115,neg_main_good,-1.836190938949585
231,115,neg_main_bad,-2.77695369720459
231,115,neg_arc_good,-3.3278255462646484
231,115,neg_arc_bad,-2.3308427333831787
232,116,neg_main_good,-2.533562183380127
232,116,neg_main_bad,-3.103085994720459
232,116,neg_arc_good,-3.816136360168457
232,116,neg_arc_bad,-3.183915376663208
233,116,neg_main_good,-2.679241418838501
233,116,neg_main_bad,-3.4728493690490723
233,116,neg_arc_good,-3.43163800239563
233,116,neg_arc_bad,-2.94858717918396
234,117,neg_main_good,-1.8954474925994873
234,117,neg_main_bad,-2.3969454765319824
234,117,neg_arc_good,-3.482903242111206
234,117,neg_arc_bad,-2.7931125164031982
235,117,neg_main_good,-1.8088324069976807
235,117,neg_main_bad,-2.6218791007995605
235,117,neg_arc_good,-2.8814897537231445
235,117,neg_arc_bad,-2.3105432987213135
236,118,neg_main_good,-2.2902770042419434
236,118,neg_main_bad,-3.0455639362335205
236,118,neg_arc_good,-3.3231201171875
236,118,neg_arc_bad,-2.5067100524902344
237,118,neg_main_good,-2.705292224884033
237,118,neg_main_bad,-3.5886027812957764
237,118,neg_arc_good,-3.4191393852233887
237,118,neg_arc_bad,-2.7276611328125
238,119,neg_main_good,-2.2682042121887207
238,119,neg_main_bad,-2.773832321166992
238,119,neg_arc_good,-2.923825263977051
238,119,neg_arc_bad,-2.4116063117980957
239,119,neg_main_good,-2.119020938873291
239,119,neg_main_bad,-2.710958242416382
239,119,neg_arc_good,-2.921860456466675
239,119,neg_arc_bad,-2.438113212585449
240,120,neg_main_good,-2.425690174102783
240,120,neg_main_bad,-2.970515489578247
240,120,neg_arc_good,-3.870115041732788
240,120,neg_arc_bad,-3.1529343128204346
241,120,neg_main_good,-2.5628628730773926
241,120,neg_main_bad,-3.284672260284424
241,120,neg_arc_good,-3.2671737670898438
241,120,neg_arc_bad,-2.760751962661743
242,121,neg_main_good,-1.5662963390350342
242,121,neg_main_bad,-2.195298671722412
242,121,neg_arc_good,-3.9278995990753174
242,121,neg_arc_bad,-3.066229820251465
243,121,neg_main_good,-1.4248559474945068
243,121,neg_main_bad,-2.327509880065918
243,121,neg_arc_good,-2.1667232513427734
243,121,neg_arc_bad,-1.6688154935836792
244,122,neg_main_good,-1.7605565786361694
244,122,neg_main_bad,-2.785705327987671
244,122,neg_arc_good,-3.00372052192688
244,122,neg_arc_bad,-2.0190417766571045
245,122,neg_main_good,-1.3283545970916748
245,122,neg_main_bad,-2.170809030532837
245,122,neg_arc_good,-2.8916797637939453
245,122,neg_arc_bad,-1.9741737842559814
246,123,neg_main_good,-1.638779878616333
246,123,neg_main_bad,-2.1582255363464355
246,123,neg_arc_good,-2.9257428646087646
246,123,neg_arc_bad,-2.213890552520752
247,123,neg_main_good,-1.8399872779846191
247,123,neg_main_bad,-2.61776065826416
247,123,neg_arc_good,-2.5821807384490967
247,123,neg_arc_bad,-1.9785149097442627
248,124,neg_main_good,-1.5414094924926758
248,124,neg_main_bad,-2.0944700241088867
248,124,neg_arc_good,-3.1782617568969727
248,124,neg_arc_bad,-2.577458381652832
249,124,neg_main_good,-1.910656452178955
249,124,neg_main_bad,-2.6953470706939697
249,124,neg_arc_good,-3.0155985355377197
249,124,neg_arc_bad,-2.4049558639526367
250,125,neg_main_good,-1.5149670839309692
250,125,neg_main_bad,-1.9902127981185913
250,125,neg_arc_good,-3.2098398208618164
250,125,neg_arc_bad,-2.4127724170684814
251,125,neg_main_good,-2.0079598426818848
251,125,neg_main_bad,-2.810793399810791
251,125,neg_arc_good,-2.4038102626800537
251,125,neg_arc_bad,-1.9947998523712158
252,126,neg_main_good,-1.6999714374542236
252,126,neg_main_bad,-2.1288115978240967
252,126,neg_arc_good,-3.6793947219848633
252,126,neg_arc_bad,-2.8548450469970703
253,126,neg_main_good,-1.7339576482772827
253,126,neg_main_bad,-2.51164174079895
253,126,neg_arc_good,-2.2917497158050537
253,126,neg_arc_bad,-1.8898534774780273
254,127,neg_main_good,-2.02336049079895
254,127,neg_main_bad,-2.4034299850463867
254,127,neg_arc_good,-3.4618849754333496
254,127,neg_arc_bad,-2.689176082611084
255,127,neg_main_good,-2.0350606441497803
255,127,neg_main_bad,-2.6686501502990723
255,127,neg_arc_good,-2.8387386798858643
255,127,neg_arc_bad,-2.533346176147461
256,128,neg_main_good,-1.8435592651367188
256,128,neg_main_bad,-2.429469108581543
256,128,neg_arc_good,-3.557612657546997
256,128,neg_arc_bad,-2.634355068206787
257,128,neg_main_good,-2.3469722270965576
257,128,neg_main_bad,-3.276097059249878
257,128,neg_arc_good,-2.81329607963562
257,128,neg_arc_bad,-2.473600387573242
258,129,neg_main_good,-1.408361554145813
258,129,neg_main_bad,-1.791097640991211
258,129,neg_arc_good,-3.0752573013305664
258,129,neg_arc_bad,-2.5519375801086426
259,129,neg_main_good,-1.4655321836471558
259,129,neg_main_bad,-2.0858919620513916
259,129,neg_arc_good,-2.255636215209961
259,129,neg_arc_bad,-1.9611417055130005
260,130,neg_main_good,-2.4721179008483887
260,130,neg_main_bad,-3.226594924926758
260,130,neg_arc_good,-3.896209239959717
260,130,neg_arc_bad,-3.036386489868164
261,130,neg_main_good,-2.353468418121338
261,130,neg_main_bad,-3.3278703689575195
261,130,neg_arc_good,-3.8390750885009766
261,130,neg_arc_bad,-3.1447653770446777
262,131,neg_main_good,-1.8470815420150757
262,131,neg_main_bad,-2.595982551574707
262,131,neg_arc_good,-3.5393435955047607
262,131,neg_arc_bad,-2.8364949226379395
263,131,neg_main_good,-1.7807461023330688
263,131,neg_main_bad,-2.66501522064209
263,131,neg_arc_good,-3.264770030975342
263,131,neg_arc_bad,-2.6215312480926514
264,132,neg_main_good,-1.9711596965789795
264,132,neg_main_bad,-2.356382369995117
264,132,neg_arc_good,-3.6613974571228027
264,132,neg_arc_bad,-2.929758071899414
265,132,neg_main_good,-2.1703808307647705
265,132,neg_main_bad,-2.94813871383667
265,132,neg_arc_good,-2.9666380882263184
265,132,neg_arc_bad,-2.475849151611328
266,133,neg_main_good,-1.6041728258132935
266,133,neg_main_bad,-2.173619031906128
266,133,neg_arc_good,-3.363591194152832
266,133,neg_arc_bad,-2.5278289318084717
267,133,neg_main_good,-1.838808536529541
267,133,neg_main_bad,-2.6669507026672363
267,133,neg_arc_good,-3.2245020866394043
267,133,neg_arc_bad,-2.4796414375305176
268,134,neg_main_good,-2.0925707817077637
268,134,neg_main_bad,-2.7849178314208984
268,134,neg_arc_good,-3.942216396331787
268,134,neg_arc_bad,-3.5634407997131348
269,134,neg_main_good,-2.039130687713623
269,134,neg_main_bad,-2.664163112640381
269,134,neg_arc_good,-3.3176846504211426
269,134,neg_arc_bad,-2.633974552154541
270,135,neg_main_good,-1.805220127105713
270,135,neg_main_bad,-2.25116229057312
270,135,neg_arc_good,-3.4699878692626953
270,135,neg_arc_bad,-2.6412839889526367
271,135,neg_main_good,-1.9850748777389526
271,135,neg_main_bad,-2.686276435852051
271,135,neg_arc_good,-2.9329752922058105
271,135,neg_arc_bad,-2.4103803634643555
272,136,neg_main_good,-2.0820841789245605
272,136,neg_main_bad,-2.464773178100586
272,136,neg_arc_good,-3.644331932067871
272,136,neg_arc_bad,-2.9088938236236572
273,136,neg_main_good,-2.3916807174682617
273,136,neg_main_bad,-3.1814050674438477
273,136,neg_arc_good,-3.1995973587036133
273,136,neg_arc_bad,-2.7800519466400146
274,137,neg_main_good,-1.781967282295227
274,137,neg_main_bad,-2.4626450538635254
274,137,neg_arc_good,-3.4143800735473633
274,137,neg_arc_bad,-2.8635435104370117
275,137,neg_main_good,-1.5469762086868286
275,137,neg_main_bad,-2.307142734527588
275,137,neg_arc_good,-2.88006591796875
275,137,neg_arc_bad,-2.4710443019866943
276,138,neg_main_good,-1.705916166305542
276,138,neg_main_bad,-2.1999239921569824
276,138,neg_arc_good,-2.767131805419922
276,138,neg_arc_bad,-2.4244608879089355
277,138,neg_main_good,-1.5005853176116943
277,138,neg_main_bad,-2.0631346702575684
277,138,neg_arc_good,-2.9683265686035156
277,138,neg_arc_bad,-2.4818482398986816
278,139,neg_main_good,-1.9139063358306885
278,139,neg_main_bad,-2.732670783996582
278,139,neg_arc_good,-3.9200663566589355
278,139,neg_arc_bad,-3.17513370513916
279,139,neg_main_good,-2.232512950897217
279,139,neg_main_bad,-3.1583123207092285
279,139,neg_arc_good,-3.3205831050872803
279,139,neg_arc_bad,-2.7463879585266113
280,140,neg_main_good,-1.4642030000686646
280,140,neg_main_bad,-1.968315839767456
280,140,neg_arc_good,-2.801725149154663
280,140,neg_arc_bad,-2.2327301502227783
281,140,neg_main_good,-1.826838731765747
281,140,neg_main_bad,-2.5239131450653076
281,140,neg_arc_good,-2.6169281005859375
281,140,neg_arc_bad,-2.08097243309021
282,141,neg_main_good,-1.6960995197296143
282,141,neg_main_bad,-2.484755039215088
282,141,neg_arc_good,-3.2033307552337646
282,141,neg_arc_bad,-2.6103641986846924
283,141,neg_main_good,-1.5275099277496338
283,141,neg_main_bad,-2.2396559715270996
283,141,neg_arc_good,-2.9063003063201904
283,141,neg_arc_bad,-2.1981687545776367
284,142,neg_main_good,-1.5465425252914429
284,142,neg_main_bad,-2.2881789207458496
284,142,neg_arc_good,-3.152482271194458
284,142,neg_arc_bad,-2.408634901046753
285,142,neg_main_good,-1.3381361961364746
285,142,neg_main_bad,-2.1467103958129883
285,142,neg_arc_good,-2.458498001098633
285,142,neg_arc_bad,-1.9299659729003906
286,143,neg_main_good,-1.9716711044311523
286,143,neg_main_bad,-2.4592161178588867
286,143,neg_arc_good,-3.397491693496704
286,143,neg_arc_bad,-3.0769050121307373
287,143,neg_main_good,-1.942176342010498
287,143,neg_main_bad,-2.6483051776885986
287,143,neg_arc_good,-3.1936354637145996
287,143,neg_arc_bad,-2.5798444747924805
288,144,neg_main_good,-1.8907016515731812
288,144,neg_main_bad,-2.6584343910217285
288,144,neg_arc_good,-3.83402156829834
288,144,neg_arc_bad,-3.070725679397583
289,144,neg_main_good,-1.830293893814087
289,144,neg_main_bad,-2.7912349700927734
289,144,neg_arc_good,-2.9818215370178223
289,144,neg_arc_bad,-2.3873462677001953
290,145,neg_main_good,-1.9217627048492432
290,145,neg_main_bad,-2.631089925765991
290,145,neg_arc_good,-3.972597599029541
290,145,neg_arc_bad,-3.154536724090576
291,145,neg_main_good,-1.6080291271209717
291,145,neg_main_bad,-2.417328357696533
291,145,neg_arc_good,-2.6354260444641113
291,145,neg_arc_bad,-2.1222100257873535
292,146,neg_main_good,-2.0722227096557617
292,146,neg_main_bad,-2.6357803344726562
292,146,neg_arc_good,-3.557847023010254
292,146,neg_arc_bad,-3.0817651748657227
293,146,neg_main_good,-1.9797474145889282
293,146,neg_main_bad,-2.6614058017730713
293,146,neg_arc_good,-2.9573185443878174
293,146,neg_arc_bad,-2.357551097869873
294,147,neg_main_good,-2.7698981761932373
294,147,neg_main_bad,-3.524263858795166
294,147,neg_arc_good,-4.394500255584717
294,147,neg_arc_bad,-3.548903465270996
295,147,neg_main_good,-2.9378275871276855
295,147,neg_main_bad,-3.7442467212677
295,147,neg_arc_good,-4.186561584472656
295,147,neg_arc_bad,-3.5304532051086426
296,148,neg_main_good,-1.9551455974578857
296,148,neg_main_bad,-2.279387950897217
296,148,neg_arc_good,-3.562408208847046
296,148,neg_arc_bad,-3.050153970718384
297,148,neg_main_good,-1.9656329154968262
297,148,neg_main_bad,-2.613316535949707
297,148,neg_arc_good,-2.8277931213378906
297,148,neg_arc_bad,-2.536123514175415
298,149,neg_main_good,-1.3400814533233643
298,149,neg_main_bad,-2.120272397994995
298,149,neg_arc_good,-2.925835609436035
298,149,neg_arc_bad,-2.2240822315216064
299,149,neg_main_good,-1.652631402015686
299,149,neg_main_bad,-2.4387264251708984
299,149,neg_arc_good,-2.974541664123535
299,149,neg_arc_bad,-2.3421900272369385
300,150,neg_main_good,-2.004072666168213
300,150,neg_main_bad,-2.404500722885132
300,150,neg_arc_good,-2.906038761138916
300,150,neg_arc_bad,-2.5561790466308594
301,150,neg_main_good,-2.088347911834717
301,150,neg_main_bad,-2.4101524353027344
301,150,neg_arc_good,-3.0033271312713623
301,150,neg_arc_bad,-3.053194522857666
302,151,neg_main_good,-1.4953539371490479
302,151,neg_main_bad,-2.0521697998046875
302,151,neg_arc_good,-2.6805381774902344
302,151,neg_arc_bad,-2.33023738861084
303,151,neg_main_good,-1.4518362283706665
303,151,neg_main_bad,-2.0954647064208984
303,151,neg_arc_good,-2.851588726043701
303,151,neg_arc_bad,-2.6189217567443848
304,152,neg_main_good,-2.208847761154175
304,152,neg_main_bad,-2.683349370956421
304,152,neg_arc_good,-2.9329991340637207
304,152,neg_arc_bad,-2.533243179321289
305,152,neg_main_good,-1.9990884065628052
305,152,neg_main_bad,-2.4409093856811523
305,152,neg_arc_good,-3.2107815742492676
305,152,neg_arc_bad,-2.8834989070892334
306,153,neg_main_good,-1.6622602939605713
306,153,neg_main_bad,-2.234745502471924
306,153,neg_arc_good,-2.6629574298858643
306,153,neg_arc_bad,-2.1027822494506836
307,153,neg_main_good,-1.3952476978302002
307,153,neg_main_bad,-1.9395521879196167
307,153,neg_arc_good,-3.1704907417297363
307,153,neg_arc_bad,-2.7010531425476074
308,154,neg_main_good,-2.223865032196045
308,154,neg_main_bad,-2.6622467041015625
308,154,neg_arc_good,-2.979552984237671
308,154,neg_arc_bad,-2.6637320518493652
309,154,neg_main_good,-2.116694927215576
309,154,neg_main_bad,-2.5140037536621094
309,154,neg_arc_good,-2.9694736003875732
309,154,neg_arc_bad,-2.5951244831085205
310,155,neg_main_good,-1.7284178733825684
310,155,neg_main_bad,-2.469026565551758
310,155,neg_arc_good,-2.8954997062683105
310,155,neg_arc_bad,-2.6258697509765625
311,155,neg_main_good,-2.0342860221862793
311,155,neg_main_bad,-2.396818161010742
311,155,neg_arc_good,-2.637852430343628
311,155,neg_arc_bad,-2.2638885974884033
312,156,neg_main_good,-1.6670023202896118
312,156,neg_main_bad,-2.2855587005615234
312,156,neg_arc_good,-2.8540420532226562
312,156,neg_arc_bad,-2.4365954399108887
313,156,neg_main_good,-1.4445703029632568
313,156,neg_main_bad,-1.8412933349609375
313,156,neg_arc_good,-2.773024320602417
313,156,neg_arc_bad,-2.715867042541504
314,157,neg_main_good,-3.0023117065429688
314,157,neg_main_bad,-3.320816993713379
314,157,neg_arc_good,-3.3418385982513428
314,157,neg_arc_bad,-2.897925853729248
315,157,neg_main_good,-2.681797504425049
315,157,neg_main_bad,-3.0535831451416016
315,157,neg_arc_good,-3.7234230041503906
315,157,neg_arc_bad,-3.596519708633423
316,158,neg_main_good,-1.9254848957061768
316,158,neg_main_bad,-2.443986415863037
316,158,neg_arc_good,-2.6338281631469727
316,158,neg_arc_bad,-2.2957992553710938
317,158,neg_main_good,-1.8110039234161377
317,158,neg_main_bad,-2.255506992340088
317,158,neg_arc_good,-3.1098222732543945
317,158,neg_arc_bad,-2.732466459274292
318,159,neg_main_good,-1.5807145833969116
318,159,neg_main_bad,-2.3035829067230225
318,159,neg_arc_good,-2.973163366317749
318,159,neg_arc_bad,-2.2892041206359863
319,159,neg_main_good,-1.4193834066390991
319,159,neg_main_bad,-2.011756420135498
319,159,neg_arc_good,-3.1704306602478027
319,159,neg_arc_bad,-2.727687358856201
320,160,neg_main_good,-1.9878854751586914
320,160,neg_main_bad,-2.5330774784088135
320,160,neg_arc_good,-2.4608166217803955
320,160,neg_arc_bad,-2.0507421493530273
321,160,neg_main_good,-1.5211482048034668
321,160,neg_main_bad,-1.9502931833267212
321,160,neg_arc_good,-3.3825440406799316
321,160,neg_arc_bad,-2.9726226329803467
322,161,neg_main_good,-1.760711669921875
322,161,neg_main_bad,-2.545337200164795
322,161,neg_arc_good,-2.459493637084961
322,161,neg_arc_bad,-1.7023577690124512
323,161,neg_main_good,-1.555433750152588
323,161,neg_main_bad,-1.9131338596343994
323,161,neg_arc_good,-3.245119571685791
323,161,neg_arc_bad,-2.6119840145111084
324,162,neg_main_good,-1.9569905996322632
324,162,neg_main_bad,-2.7968554496765137
324,162,neg_arc_good,-2.926959991455078
324,162,neg_arc_bad,-2.1987385749816895
325,162,neg_main_good,-1.9366306066513062
325,162,neg_main_bad,-2.4736502170562744
325,162,neg_arc_good,-3.7296929359436035
325,162,neg_arc_bad,-3.042593002319336
326,163,neg_main_good,-1.8837153911590576
326,163,neg_main_bad,-2.8569142818450928
326,163,neg_arc_good,-2.7296929359436035
326,163,neg_arc_bad,-2.061194896697998
327,163,neg_main_good,-1.5646018981933594
327,163,neg_main_bad,-2.075472593307495
327,163,neg_arc_good,-3.5552425384521484
327,163,neg_arc_bad,-2.860377550125122
328,164,neg_main_good,-1.6347951889038086
328,164,neg_main_bad,-2.222846746444702
328,164,neg_arc_good,-2.8454816341400146
328,164,neg_arc_bad,-2.335777997970581
329,164,neg_main_good,-1.2630982398986816
329,164,neg_main_bad,-1.8874499797821045
329,164,neg_arc_good,-2.747655153274536
329,164,neg_arc_bad,-2.258132219314575
330,165,neg_main_good,-2.1149964332580566
330,165,neg_main_bad,-2.665004253387451
330,165,neg_arc_good,-3.2725419998168945
330,165,neg_arc_bad,-2.7407877445220947
331,165,neg_main_good,-2.073091745376587
331,165,neg_main_bad,-2.7401623725891113
331,165,neg_arc_good,-3.2895560264587402
331,165,neg_arc_bad,-2.71848201751709
332,166,neg_main_good,-2.2950806617736816
332,166,neg_main_bad,-3.0910778045654297
332,166,neg_arc_good,-3.4466519355773926
332,166,neg_arc_bad,-2.93332576751709
333,166,neg_main_good,-2.4602108001708984
333,166,neg_main_bad,-2.832493305206299
333,166,neg_arc_good,-3.683164596557617
333,166,neg_arc_bad,-3.1820900440216064
334,167,neg_main_good,-2.1991467475891113
334,167,neg_main_bad,-2.5436339378356934
334,167,neg_arc_good,-3.1736621856689453
334,167,neg_arc_bad,-3.0024607181549072
335,167,neg_main_good,-2.5019021034240723
335,167,neg_main_bad,-2.773049831390381
335,167,neg_arc_good,-2.859433174133301
335,167,neg_arc_bad,-2.488088607788086
336,168,neg_main_good,-1.5295913219451904
336,168,neg_main_bad,-2.007652997970581
336,168,neg_arc_good,-2.5915825366973877
336,168,neg_arc_bad,-2.3492841720581055
337,168,neg_main_good,-1.7599477767944336
337,168,neg_main_bad,-2.0128331184387207
337,168,neg_arc_good,-3.100757598876953
337,168,neg_arc_bad,-2.7670891284942627
338,169,neg_main_good,-2.0378031730651855
338,169,neg_main_bad,-2.877002000808716
338,169,neg_arc_good,-3.1395349502563477
338,169,neg_arc_bad,-2.515768527984619
339,169,neg_main_good,-1.8322254419326782
339,169,neg_main_bad,-2.496307849884033
339,169,neg_arc_good,-3.6393356323242188
339,169,neg_arc_bad,-3.059530019760132
340,170,neg_main_good,-1.979838252067566
340,170,neg_main_bad,-2.621511936187744
340,170,neg_arc_good,-2.394519805908203
340,170,neg_arc_bad,-1.9335492849349976
341,170,neg_main_good,-1.5863397121429443
341,170,neg_main_bad,-1.940081000328064
341,170,neg_arc_good,-3.8022871017456055
341,170,neg_arc_bad,-3.310086488723755
342,171,neg_main_good,-2.0228772163391113
342,171,neg_main_bad,-2.815277576446533
342,171,neg_arc_good,-2.91487455368042
342,171,neg_arc_bad,-2.530731201171875
343,171,neg_main_good,-1.8735915422439575
343,171,neg_main_bad,-2.522258996963501
343,171,neg_arc_good,-3.465977907180786
343,171,neg_arc_bad,-2.882258653640747
344,172,neg_main_good,-1.9764646291732788
344,172,neg_main_bad,-2.6846561431884766
344,172,neg_arc_good,-2.2400407791137695
344,172,neg_arc_bad,-1.9245777130126953
345,172,neg_main_good,-1.4145469665527344
345,172,neg_main_bad,-1.807210087776184
345,172,neg_arc_good,-3.136885166168213
345,172,neg_arc_bad,-2.4474987983703613
346,173,neg_main_good,-1.776563048362732
346,173,neg_main_bad,-2.402330160140991
346,173,neg_arc_good,-2.6229307651519775
346,173,neg_arc_bad,-2.3491268157958984
347,173,neg_main_good,-1.7262868881225586
347,173,neg_main_bad,-2.1054253578186035
347,173,neg_arc_good,-3.0180397033691406
347,173,neg_arc_bad,-2.4343342781066895
348,174,neg_main_good,-2.5306754112243652
348,174,neg_main_bad,-3.425621271133423
348,174,neg_arc_good,-3.4671812057495117
348,174,neg_arc_bad,-2.9123640060424805
349,174,neg_main_good,-2.594494104385376
349,174,neg_main_bad,-2.999103307723999
349,174,neg_arc_good,-3.8527488708496094
349,174,neg_arc_bad,-3.146235942840576
350,175,neg_main_good,-2.033224582672119
350,175,neg_main_bad,-2.700868844985962
350,175,neg_arc_good,-2.2904348373413086
350,175,neg_arc_bad,-1.9664220809936523
351,175,neg_main_good,-1.5309512615203857
351,175,neg_main_bad,-1.8853449821472168
351,175,neg_arc_good,-3.5483322143554688
351,175,neg_arc_bad,-2.8003053665161133
352,176,neg_main_good,-2.0475144386291504
352,176,neg_main_bad,-2.893656015396118
352,176,neg_arc_good,-2.703176975250244
352,176,neg_arc_bad,-2.1279492378234863
353,176,neg_main_good,-1.6899338960647583
353,176,neg_main_bad,-2.300663948059082
353,176,neg_arc_good,-4.027477264404297
353,176,neg_arc_bad,-3.215023994445801
354,177,neg_main_good,-1.947122573852539
354,177,neg_main_bad,-2.945952892303467
354,177,neg_arc_good,-2.515554666519165
354,177,neg_arc_bad,-1.9916353225708008
355,177,neg_main_good,-1.429829716682434
355,177,neg_main_bad,-1.941693902015686
355,177,neg_arc_good,-3.068634033203125
355,177,neg_arc_bad,-2.3212037086486816
356,178,neg_main_good,-1.684329867362976
356,178,neg_main_bad,-2.2813053131103516
356,178,neg_arc_good,-2.106804132461548
356,178,neg_arc_bad,-1.8396351337432861
357,178,neg_main_good,-1.3774285316467285
357,178,neg_main_bad,-1.6378326416015625
357,178,neg_arc_good,-3.276411294937134
357,178,neg_arc_bad,-2.3784542083740234
358,179,neg_main_good,-2.157059669494629
358,179,neg_main_bad,-2.8605480194091797
358,179,neg_arc_good,-3.020073413848877
358,179,neg_arc_bad,-2.4929866790771484
359,179,neg_main_good,-1.874019742012024
359,179,neg_main_bad,-2.4236128330230713
359,179,neg_arc_good,-3.422773838043213
359,179,neg_arc_bad,-2.658018112182617
360,180,neg_main_good,-1.5367401838302612
360,180,neg_main_bad,-2.233821153640747
360,180,neg_arc_good,-2.5569450855255127
360,180,neg_arc_bad,-1.9831346273422241
361,180,neg_main_good,-1.3651388883590698
361,180,neg_main_bad,-2.0081992149353027
361,180,neg_arc_good,-2.525883436203003
361,180,neg_arc_bad,-1.9559091329574585
362,181,neg_main_good,-2.045395612716675
362,181,neg_main_bad,-2.5019636154174805
362,181,neg_arc_good,-2.6453943252563477
362,181,neg_arc_bad,-2.3532450199127197
363,181,neg_main_good,-2.2539336681365967
363,181,neg_main_bad,-2.557997226715088
363,181,neg_arc_good,-3.0482821464538574
363,181,neg_arc_bad,-2.6664037704467773
364,182,neg_main_good,-1.639773964881897
364,182,neg_main_bad,-2.381542682647705
364,182,neg_arc_good,-2.271385669708252
364,182,neg_arc_bad,-1.763372778892517
365,182,neg_main_good,-1.2383805513381958
365,182,neg_main_bad,-1.8162307739257812
365,182,neg_arc_good,-2.6048474311828613
365,182,neg_arc_bad,-1.9608757495880127
366,183,neg_main_good,-1.9517230987548828
366,183,neg_main_bad,-2.5829129219055176
366,183,neg_arc_good,-2.6158077716827393
366,183,neg_arc_bad,-2.147270679473877
367,183,neg_main_good,-1.8721073865890503
367,183,neg_main_bad,-2.435800552368164
367,183,neg_arc_good,-3.4667534828186035
367,183,neg_arc_bad,-2.807554244995117
368,184,neg_main_good,-2.246690511703491
368,184,neg_main_bad,-2.9129443168640137
368,184,neg_arc_good,-3.231024742126465
368,184,neg_arc_bad,-2.573493003845215
369,184,neg_main_good,-2.493971586227417
369,184,neg_main_bad,-3.126640796661377
369,184,neg_arc_good,-3.9748802185058594
369,184,neg_arc_bad,-3.279900074005127
370,185,neg_main_good,-1.6463994979858398
370,185,neg_main_bad,-2.1069397926330566
370,185,neg_arc_good,-2.595606803894043
370,185,neg_arc_bad,-2.2682862281799316
371,185,neg_main_good,-1.4512019157409668
371,185,neg_main_bad,-2.084026336669922
371,185,neg_arc_good,-2.604774236679077
371,185,neg_arc_bad,-2.108142852783203
372,186,neg_main_good,-2.153439998626709
372,186,neg_main_bad,-2.7908546924591064
372,186,neg_arc_good,-2.671877861022949
372,186,neg_arc_bad,-2.1827621459960938
373,186,neg_main_good,-1.5743101835250854
373,186,neg_main_bad,-2.161688804626465
373,186,neg_arc_good,-3.139991521835327
373,186,neg_arc_bad,-2.5228023529052734
374,187,neg_main_good,-1.778563380241394
374,187,neg_main_bad,-2.3179047107696533
374,187,neg_arc_good,-2.5583887100219727
374,187,neg_arc_bad,-2.1100006103515625
375,187,neg_main_good,-1.7158136367797852
375,187,neg_main_bad,-2.184755325317383
375,187,neg_arc_good,-2.888788938522339
375,187,neg_arc_bad,-2.3208165168762207
376,188,neg_main_good,-2.2266383171081543
376,188,neg_main_bad,-2.8506431579589844
376,188,neg_arc_good,-2.918952465057373
376,188,neg_arc_bad,-2.437509059906006
377,188,neg_main_good,-2.1489505767822266
377,188,neg_main_bad,-2.808746337890625
377,188,neg_arc_good,-3.283257007598877
377,188,neg_arc_bad,-2.7753567695617676
378,189,neg_main_good,-2.2681260108947754
378,189,neg_main_bad,-2.3944900035858154
378,189,neg_arc_good,-2.508747100830078
378,189,neg_arc_bad,-2.478877544403076
379,189,neg_main_good,-1.6815506219863892
379,189,neg_main_bad,-2.1730568408966064
379,189,neg_arc_good,-2.878464698791504
379,189,neg_arc_bad,-2.444122791290283
380,190,neg_main_good,-1.537902593612671
380,190,neg_main_bad,-2.1072440147399902
380,190,neg_arc_good,-2.9153056144714355
380,190,neg_arc_bad,-2.322542190551758
381,190,neg_main_good,-1.6639831066131592
381,190,neg_main_bad,-2.1786506175994873
381,190,neg_arc_good,-2.7378978729248047
381,190,neg_arc_bad,-2.3525962829589844
382,191,neg_main_good,-1.6416895389556885
382,191,neg_main_bad,-2.146085262298584
382,191,neg_arc_good,-2.4492950439453125
382,191,neg_arc_bad,-2.1722288131713867
383,191,neg_main_good,-1.5168533325195312
383,191,neg_main_bad,-1.8450195789337158
383,191,neg_arc_good,-2.8501806259155273
383,191,neg_arc_bad,-2.4443883895874023
384,192,neg_main_good,-1.8194358348846436
384,192,neg_main_bad,-2.5171942710876465
384,192,neg_arc_good,-2.9873476028442383
384,192,neg_arc_bad,-2.3742260932922363
385,192,neg_main_good,-1.4380784034729004
385,192,neg_main_bad,-2.032975673675537
385,192,neg_arc_good,-3.0765058994293213
385,192,neg_arc_bad,-2.5919947624206543
386,193,neg_main_good,-1.8564804792404175
386,193,neg_main_bad,-2.5826053619384766
386,193,neg_arc_good,-3.116351842880249
386,193,neg_arc_bad,-2.629300594329834
387,193,neg_main_good,-2.359038829803467
387,193,neg_main_bad,-2.789374828338623
387,193,neg_arc_good,-3.553344249725342
387,193,neg_arc_bad,-2.9822168350219727
388,194,neg_main_good,-2.716404438018799
388,194,neg_main_bad,-3.242222309112549
388,194,neg_arc_good,-3.7602853775024414
388,194,neg_arc_bad,-3.462693691253662
389,194,neg_main_good,-2.780341148376465
389,194,neg_main_bad,-3.180305242538452
389,194,neg_arc_good,-3.8964948654174805
389,194,neg_arc_bad,-3.3181378841400146
390,195,neg_main_good,-1.707904577255249
390,195,neg_main_bad,-2.220468759536743
390,195,neg_arc_good,-2.7223258018493652
390,195,neg_arc_bad,-2.3502628803253174
391,195,neg_main_good,-1.6703919172286987
391,195,neg_main_bad,-2.0429084300994873
391,195,neg_arc_good,-2.7720022201538086
391,195,neg_arc_bad,-2.298956871032715
392,196,neg_main_good,-1.7299320697784424
392,196,neg_main_bad,-2.1614344120025635
392,196,neg_arc_good,-2.837212085723877
392,196,neg_arc_bad,-2.531944513320923
393,196,neg_main_good,-2.043680191040039
393,196,neg_main_bad,-2.491520404815674
393,196,neg_arc_good,-3.1050972938537598
393,196,neg_arc_bad,-2.674067497253418
394,197,neg_main_good,-1.6872220039367676
394,197,neg_main_bad,-2.329364061355591
394,197,neg_arc_good,-2.898270606994629
394,197,neg_arc_bad,-2.288057327270508
395,197,neg_main_good,-1.8916425704956055
395,197,neg_main_bad,-2.544381856918335
395,197,neg_arc_good,-3.1977550983428955
395,197,neg_arc_bad,-2.4427297115325928
396,198,neg_main_good,-1.8369698524475098
396,198,neg_main_bad,-2.470674514770508
396,198,neg_arc_good,-2.5646793842315674
396,198,neg_arc_bad,-2.1648619174957275
397,198,neg_main_good,-1.6927284002304077
397,198,neg_main_bad,-2.1221632957458496
397,198,neg_arc_good,-3.3829216957092285
397,198,neg_arc_bad,-2.7737936973571777
398,199,neg_main_good,-1.5635929107666016
398,199,neg_main_bad,-2.164212942123413
398,199,neg_arc_good,-2.5486972332000732
398,199,neg_arc_bad,-2.235248565673828
399,199,neg_main_good,-1.5669673681259155
399,199,neg_main_bad,-2.00874662399292
399,199,neg_arc_good,-3.0318171977996826
399,199,neg_arc_bad,-2.459160089492798
400,200,neg_main_good,-2.3000144958496094
400,200,neg_main_bad,-2.8457179069519043
400,200,neg_arc_good,-3.6245696544647217
400,200,neg_arc_bad,-3.1118526458740234
401,200,neg_main_good,-2.51922607421875
401,200,neg_main_bad,-2.980956554412842
401,200,neg_arc_good,-3.0015621185302734
401,200,neg_arc_bad,-2.581458330154419
402,201,neg_main_good,-1.903267502784729
402,201,neg_main_bad,-2.400432825088501
402,201,neg_arc_good,-3.313805341720581
402,201,neg_arc_bad,-2.768266439437866
403,201,neg_main_good,-2.084127902984619
403,201,neg_main_bad,-2.6266727447509766
403,201,neg_arc_good,-2.9264798164367676
403,201,neg_arc_bad,-2.5047802925109863
404,202,neg_main_good,-1.6475025415420532
404,202,neg_main_bad,-2.2221155166625977
404,202,neg_arc_good,-2.8751604557037354
404,202,neg_arc_bad,-2.299190044403076
405,202,neg_main_good,-1.6242425441741943
405,202,neg_main_bad,-2.2918567657470703
405,202,neg_arc_good,-2.4423460960388184
405,202,neg_arc_bad,-1.8718539476394653
406,203,neg_main_good,-2.463787078857422
406,203,neg_main_bad,-2.9174957275390625
406,203,neg_arc_good,-3.6387476921081543
406,203,neg_arc_bad,-3.514935255050659
407,203,neg_main_good,-2.579115629196167
407,203,neg_main_bad,-2.9361138343811035
407,203,neg_arc_good,-2.7768137454986572
407,203,neg_arc_bad,-2.443619728088379
408,204,neg_main_good,-2.062821388244629
408,204,neg_main_bad,-2.6550452709198
408,204,neg_arc_good,-3.1105029582977295
408,204,neg_arc_bad,-2.4659786224365234
409,204,neg_main_good,-2.0081944465637207
409,204,neg_main_bad,-2.7567877769470215
409,204,neg_arc_good,-3.1832070350646973
409,204,neg_arc_bad,-2.6676852703094482
410,205,neg_main_good,-1.5290108919143677
410,205,neg_main_bad,-1.9876433610916138
410,205,neg_arc_good,-2.6124701499938965
410,205,neg_arc_bad,-2.0142886638641357
411,205,neg_main_good,-1.7836287021636963
411,205,neg_main_bad,-2.3445403575897217
411,205,neg_arc_good,-2.713451385498047
411,205,neg_arc_bad,-2.200831651687622
412,206,neg_main_good,-2.1061017513275146
412,206,neg_main_bad,-2.456477403640747
412,206,neg_arc_good,-2.7976431846618652
412,206,neg_arc_bad,-2.168302059173584
413,206,neg_main_good,-2.095568895339966
413,206,neg_main_bad,-2.6371049880981445
413,206,neg_arc_good,-2.9235947132110596
413,206,neg_arc_bad,-2.6606764793395996
414,207,neg_main_good,-2.1401989459991455
414,207,neg_main_bad,-2.812795400619507
414,207,neg_arc_good,-3.4432644844055176
414,207,neg_arc_bad,-2.9199166297912598
415,207,neg_main_good,-2.6400153636932373
415,207,neg_main_bad,-3.2883801460266113
415,207,neg_arc_good,-3.32424259185791
415,207,neg_arc_bad,-2.7284514904022217
416,208,neg_main_good,-2.258948802947998
416,208,neg_main_bad,-2.889518976211548
416,208,neg_arc_good,-3.4757871627807617
416,208,neg_arc_bad,-3.0613930225372314
417,208,neg_main_good,-2.445744037628174
417,208,neg_main_bad,-3.0497007369995117
417,208,neg_arc_good,-3.2630839347839355
417,208,neg_arc_bad,-2.9657609462738037
418,209,neg_main_good,-2.033939838409424
418,209,neg_main_bad,-2.8108677864074707
418,209,neg_arc_good,-2.8892219066619873
418,209,neg_arc_bad,-2.1304500102996826
419,209,neg_main_good,-2.2035248279571533
419,209,neg_main_bad,-3.033618211746216
419,209,neg_arc_good,-3.0104081630706787
419,209,neg_arc_bad,-2.3618640899658203
420,210,neg_main_good,-2.5949652194976807
420,210,neg_main_bad,-3.328624725341797
420,210,neg_arc_good,-3.5276880264282227
420,210,neg_arc_bad,-3.1205906867980957
421,210,neg_main_good,-2.096461772918701
421,210,neg_main_bad,-2.9186758995056152
421,210,neg_arc_good,-3.767857313156128
421,210,neg_arc_bad,-3.054473876953125
422,211,neg_main_good,-1.6413140296936035
422,211,neg_main_bad,-2.5779192447662354
422,211,neg_arc_good,-3.377800464630127
422,211,neg_arc_bad,-2.8601057529449463
423,211,neg_main_good,-1.5033612251281738
423,211,neg_main_bad,-1.9874731302261353
423,211,neg_arc_good,-3.578334331512451
423,211,neg_arc_bad,-3.026334524154663
424,212,neg_main_good,-2.2776987552642822
424,212,neg_main_bad,-3.1839823722839355
424,212,neg_arc_good,-3.8731753826141357
424,212,neg_arc_bad,-3.4001567363739014
425,212,neg_main_good,-2.342958927154541
425,212,neg_main_bad,-3.098346471786499
425,212,neg_arc_good,-3.560309410095215
425,212,neg_arc_bad,-2.8927714824676514
426,213,neg_main_good,-3.0054948329925537
426,213,neg_main_bad,-3.2329862117767334
426,213,neg_arc_good,-4.179143905639648
426,213,neg_arc_bad,-4.070761680603027
427,213,neg_main_good,-2.4100117683410645
427,213,neg_main_bad,-3.1658194065093994
427,213,neg_arc_good,-3.7926979064941406
427,213,neg_arc_bad,-3.489302396774292
428,214,neg_main_good,-2.27559232711792
428,214,neg_main_bad,-2.8722290992736816
428,214,neg_arc_good,-3.4766221046447754
428,214,neg_arc_bad,-3.140099048614502
429,214,neg_main_good,-2.210102081298828
429,214,neg_main_bad,-2.7410073280334473
429,214,neg_arc_good,-3.601418972015381
429,214,neg_arc_bad,-3.275790214538574
430,215,neg_main_good,-1.7899693250656128
430,215,neg_main_bad,-2.6832056045532227
430,215,neg_arc_good,-3.020411729812622
430,215,neg_arc_bad,-2.700854539871216
431,215,neg_main_good,-2.034259796142578
431,215,neg_main_bad,-2.745924949645996
431,215,neg_arc_good,-3.666579246520996
431,215,neg_arc_bad,-2.9910216331481934
432,216,neg_main_good,-2.3264541625976562
432,216,neg_main_bad,-2.854405164718628
432,216,neg_arc_good,-3.6157917976379395
432,216,neg_arc_bad,-3.1683809757232666
433,216,neg_main_good,-2.2018778324127197
433,216,neg_main_bad,-2.751803159713745
433,216,neg_arc_good,-3.644413471221924
433,216,neg_arc_bad,-3.041593551635742
434,217,neg_main_good,-1.5536935329437256
434,217,neg_main_bad,-2.387944221496582
434,217,neg_arc_good,-2.9931256771087646
434,217,neg_arc_bad,-2.5546834468841553
435,217,neg_main_good,-1.333546757698059
435,217,neg_main_bad,-1.9611201286315918
435,217,neg_arc_good,-3.289435386657715
435,217,neg_arc_bad,-2.815275192260742
436,218,neg_main_good,-1.6924656629562378
436,218,neg_main_bad,-2.0943546295166016
436,218,neg_arc_good,-2.8354053497314453
436,218,neg_arc_bad,-2.6458559036254883
437,218,neg_main_good,-1.4995896816253662
437,218,neg_main_bad,-1.9267350435256958
437,218,neg_arc_good,-2.822608232498169
437,218,neg_arc_bad,-2.5431809425354004
438,219,neg_main_good,-2.055626630783081
438,219,neg_main_bad,-2.670539379119873
438,219,neg_arc_good,-3.0317909717559814
438,219,neg_arc_bad,-2.5603628158569336
439,219,neg_main_good,-1.9871234893798828
439,219,neg_main_bad,-2.3335330486297607
439,219,neg_arc_good,-3.3139073848724365
439,219,neg_arc_bad,-2.9514474868774414
440,220,neg_main_good,-1.4454145431518555
440,220,neg_main_bad,-2.1551127433776855
440,220,neg_arc_good,-3.104719400405884
440,220,neg_arc_bad,-2.2306647300720215
441,220,neg_main_good,-1.734095573425293
441,220,neg_main_bad,-2.5696816444396973
441,220,neg_arc_good,-2.7634241580963135
441,220,neg_arc_bad,-1.9836618900299072
442,221,neg_main_good,-2.566068172454834
442,221,neg_main_bad,-3.280264377593994
442,221,neg_arc_good,-3.0811588764190674
442,221,neg_arc_bad,-2.6232123374938965
443,221,neg_main_good,-2.254769802093506
443,221,neg_main_bad,-2.872807502746582
443,221,neg_arc_good,-4.458119869232178
443,221,neg_arc_bad,-3.8775835037231445
444,222,neg_main_good,-1.7649141550064087
444,222,neg_main_bad,-2.557596206665039
444,222,neg_arc_good,-2.7654385566711426
444,222,neg_arc_bad,-2.29512357711792
445,222,neg_main_good,-1.4621896743774414
445,222,neg_main_bad,-2.058990001678467
445,222,neg_arc_good,-3.222386598587036
445,222,neg_arc_bad,-2.6027674674987793
446,223,neg_main_good,-1.553131341934204
446,223,neg_main_bad,-2.490807056427002
446,223,neg_arc_good,-2.514545202255249
446,223,neg_arc_bad,-1.793830156326294
447,223,neg_main_good,-1.5525532960891724
447,223,neg_main_bad,-2.313554286956787
447,223,neg_arc_good,-3.314711809158325
447,223,neg_arc_bad,-2.372331380844116
448,224,neg_main_good,-2.3459839820861816
448,224,neg_main_bad,-2.721916675567627
448,224,neg_arc_good,-3.280531406402588
448,224,neg_arc_bad,-2.897066116333008
449,224,neg_main_good,-2.063199043273926
449,224,neg_main_bad,-2.483035087585449
449,224,neg_arc_good,-3.8378586769104004
449,224,neg_arc_bad,-3.507951021194458
450,225,neg_main_good,-2.1415767669677734
450,225,neg_main_bad,-2.8757550716400146
450,225,neg_arc_good,-3.029956817626953
450,225,neg_arc_bad,-2.4899985790252686
451,225,neg_main_good,-1.8603135347366333
451,225,neg_main_bad,-2.2999701499938965
451,225,neg_arc_good,-3.525007486343384
451,225,neg_arc_bad,-2.773604393005371
452,226,neg_main_good,-2.673203945159912
452,226,neg_main_bad,-3.636746883392334
452,226,neg_arc_good,-3.78071665763855
452,226,neg_arc_bad,-3.185438871383667
453,226,neg_main_good,-2.564955949783325
453,226,neg_main_bad,-3.2633566856384277
453,226,neg_arc_good,-4.3381853103637695
453,226,neg_arc_bad,-3.749600887298584
454,227,neg_main_good,-1.6768319606781006
454,227,neg_main_bad,-2.607248067855835
454,227,neg_arc_good,-2.86625599861145
454,227,neg_arc_bad,-2.198446035385132
455,227,neg_main_good,-1.4773012399673462
455,227,neg_main_bad,-2.059354782104492
455,227,neg_arc_good,-3.450435161590576
455,227,neg_arc_bad,-2.4172985553741455
456,228,neg_main_good,-2.1684861183166504
456,228,neg_main_bad,-2.9781370162963867
456,228,neg_arc_good,-2.641359806060791
456,228,neg_arc_bad,-2.19317889213562
457,228,neg_main_good,-2.0542731285095215
457,228,neg_main_bad,-2.5026869773864746
457,228,neg_arc_good,-3.904700517654419
457,228,neg_arc_bad,-3.1606764793395996
458,229,neg_main_good,-2.2019405364990234
458,229,neg_main_bad,-3.1675679683685303
458,229,neg_arc_good,-3.2532715797424316
458,229,neg_arc_bad,-2.640286922454834
459,229,neg_main_good,-2.028562307357788
459,229,neg_main_bad,-2.6557955741882324
459,229,neg_arc_good,-4.203094005584717
459,229,neg_arc_bad,-3.1688642501831055
460,230,neg_main_good,-1.9846247434616089
460,230,neg_main_bad,-2.51700758934021
460,230,neg_arc_good,-3.102760076522827
460,230,neg_arc_bad,-2.7193636894226074
461,230,neg_main_good,-1.969314694404602
461,230,neg_main_bad,-2.6338186264038086
461,230,neg_arc_good,-2.7583465576171875
461,230,neg_arc_bad,-2.2189908027648926
462,231,neg_main_good,-2.2657272815704346
462,231,neg_main_bad,-2.6553869247436523
462,231,neg_arc_good,-3.1933388710021973
462,231,neg_arc_bad,-2.8295373916625977
463,231,neg_main_good,-2.5052614212036133
463,231,neg_main_bad,-3.0896623134613037
463,231,neg_arc_good,-3.144777774810791
463,231,neg_arc_bad,-3.048518657684326
464,232,neg_main_good,-1.4258191585540771
464,232,neg_main_bad,-2.061335563659668
464,232,neg_arc_good,-2.6901235580444336
464,232,neg_arc_bad,-2.041571617126465
465,232,neg_main_good,-1.5638688802719116
465,232,neg_main_bad,-2.2139599323272705
465,232,neg_arc_good,-2.226665735244751
465,232,neg_arc_bad,-1.7796275615692139
466,233,neg_main_good,-2.336859703063965
466,233,neg_main_bad,-2.868093490600586
466,233,neg_arc_good,-3.6718387603759766
466,233,neg_arc_bad,-3.215909242630005
467,233,neg_main_good,-2.3530728816986084
467,233,neg_main_bad,-3.0851519107818604
467,233,neg_arc_good,-3.130143642425537
467,233,neg_arc_bad,-2.4589638710021973
468,234,neg_main_good,-2.0110037326812744
468,234,neg_main_bad,-2.345529079437256
468,234,neg_arc_good,-2.945457935333252
468,234,neg_arc_bad,-2.548387050628662
469,234,neg_main_good,-1.7863425016403198
469,234,neg_main_bad,-2.3548521995544434
469,234,neg_arc_good,-2.14286208152771
469,234,neg_arc_bad,-1.8172870874404907
470,235,neg_main_good,-1.590173363685608
470,235,neg_main_bad,-2.0161824226379395
470,235,neg_arc_good,-2.6290621757507324
470,235,neg_arc_bad,-2.108553647994995
471,235,neg_main_good,-1.6344730854034424
471,235,neg_main_bad,-2.1842641830444336
471,235,neg_arc_good,-2.5228264331817627
471,235,neg_arc_bad,-2.1694412231445312
472,236,neg_main_good,-1.701062798500061
472,236,neg_main_bad,-2.575272560119629
472,236,neg_arc_good,-3.088123321533203
472,236,neg_arc_bad,-2.290215015411377
473,236,neg_main_good,-1.5909667015075684
473,236,neg_main_bad,-2.171071767807007
473,236,neg_arc_good,-2.521559238433838
473,236,neg_arc_bad,-2.0367913246154785
474,237,neg_main_good,-2.487860679626465
474,237,neg_main_bad,-2.939204216003418
474,237,neg_arc_good,-3.5960073471069336
474,237,neg_arc_bad,-3.1791369915008545
475,237,neg_main_good,-2.271862030029297
475,237,neg_main_bad,-2.7851996421813965
475,237,neg_arc_good,-2.5445172786712646
475,237,neg_arc_bad,-2.1123743057250977
476,238,neg_main_good,-1.9507813453674316
476,238,neg_main_bad,-2.32755708694458
476,238,neg_arc_good,-2.711045265197754
476,238,neg_arc_bad,-2.3425254821777344
477,238,neg_main_good,-2.2229785919189453
477,238,neg_main_bad,-2.5580079555511475
477,238,neg_arc_good,-2.67179799079895
477,238,neg_arc_bad,-2.483886957168579
478,239,neg_main_good,-1.3267369270324707
478,239,neg_main_bad,-2.0557146072387695
478,239,neg_arc_good,-2.716521739959717
478,239,neg_arc_bad,-2.0181188583374023
479,239,neg_main_good,-1.4752960205078125
479,239,neg_main_bad,-2.0216140747070312
479,239,neg_arc_good,-2.0826656818389893
479,239,neg_arc_bad,-1.7453725337982178
480,240,neg_main_good,-1.9525361061096191
480,240,neg_main_bad,-2.8132338523864746
480,240,neg_arc_good,-3.7405834197998047
480,240,neg_arc_bad,-3.030167579650879
481,240,neg_main_good,-1.7561817169189453
481,240,neg_main_bad,-2.497282028198242
481,240,neg_arc_good,-3.1076912879943848
481,240,neg_arc_bad,-2.367525100708008
482,241,neg_main_good,-2.176237106323242
482,241,neg_main_bad,-3.0563549995422363
482,241,neg_arc_good,-3.7758774757385254
482,241,neg_arc_bad,-3.1549694538116455
483,241,neg_main_good,-1.8743350505828857
483,241,neg_main_bad,-2.852759599685669
483,241,neg_arc_good,-3.3244667053222656
483,241,neg_arc_bad,-2.6660003662109375
484,242,neg_main_good,-1.4138875007629395
484,242,neg_main_bad,-2.180910348892212
484,242,neg_arc_good,-3.0021474361419678
484,242,neg_arc_bad,-2.1561031341552734
485,242,neg_main_good,-1.3452874422073364
485,242,neg_main_bad,-2.1800079345703125
485,242,neg_arc_good,-2.8814902305603027
485,242,neg_arc_bad,-2.343987226486206
486,243,neg_main_good,-2.057997226715088
486,243,neg_main_bad,-2.5609731674194336
486,243,neg_arc_good,-2.9820520877838135
486,243,neg_arc_bad,-2.4931259155273438
487,243,neg_main_good,-2.0361218452453613
487,243,neg_main_bad,-2.5829319953918457
487,243,neg_arc_good,-3.4262781143188477
487,243,neg_arc_bad,-3.0371031761169434
488,244,neg_main_good,-1.88852858543396
488,244,neg_main_bad,-2.6819117069244385
488,244,neg_arc_good,-3.380990505218506
488,244,neg_arc_bad,-2.935590982437134
489,244,neg_main_good,-1.774167776107788
489,244,neg_main_bad,-2.444490909576416
489,244,neg_arc_good,-3.176029920578003
489,244,neg_arc_bad,-2.5090932846069336
490,245,neg_main_good,-1.9947870969772339
490,245,neg_main_bad,-2.6621265411376953
490,245,neg_arc_good,-2.4581193923950195
490,245,neg_arc_bad,-2.019758939743042
491,245,neg_main_good,-1.703369379043579
491,245,neg_main_bad,-2.132026195526123
491,245,neg_arc_good,-3.2592334747314453
491,245,neg_arc_bad,-2.512929677963257
492,246,neg_main_good,-2.2872912883758545
492,246,neg_main_bad,-3.024434804916382
492,246,neg_arc_good,-3.7604401111602783
492,246,neg_arc_bad,-3.1617074012756348
493,246,neg_main_good,-2.196596145629883
493,246,neg_main_bad,-2.835224151611328
493,246,neg_arc_good,-3.475041389465332
493,246,neg_arc_bad,-2.856346607208252
494,247,neg_main_good,-1.6654783487319946
494,247,neg_main_bad,-2.2539477348327637
494,247,neg_arc_good,-2.431328058242798
494,247,neg_arc_bad,-2.1769421100616455
495,247,neg_main_good,-1.8946735858917236
495,247,neg_main_bad,-2.344362497329712
495,247,neg_arc_good,-2.7244560718536377
495,247,neg_arc_bad,-2.0800929069519043
496,248,neg_main_good,-2.6726508140563965
496,248,neg_main_bad,-3.4083023071289062
496,248,neg_arc_good,-4.2898712158203125
496,248,neg_arc_bad,-3.6714770793914795
497,248,neg_main_good,-2.384608030319214
497,248,neg_main_bad,-3.1373047828674316
497,248,neg_arc_good,-4.06268310546875
497,248,neg_arc_bad,-3.335301160812378
498,249,neg_main_good,-1.6755948066711426
498,249,neg_main_bad,-2.2299323081970215
498,249,neg_arc_good,-2.519148826599121
498,249,neg_arc_bad,-2.166062355041504
499,249,neg_main_good,-1.5452654361724854
499,249,neg_main_bad,-1.9918315410614014
499,249,neg_arc_good,-2.43841814994812
499,249,neg_arc_bad,-1.9622902870178223
500,250,neg_main_good,-1.5638694763183594
500,250,neg_main_bad,-2.1001317501068115
500,250,neg_arc_good,-2.649325132369995
500,250,neg_arc_bad,-2.0541133880615234
501,250,neg_main_good,-1.7878313064575195
501,250,neg_main_bad,-2.4026665687561035
501,250,neg_arc_good,-2.378533363342285
501,250,neg_arc_bad,-1.7971110343933105
502,251,neg_main_good,-1.6359169483184814
502,251,neg_main_bad,-2.1420180797576904
502,251,neg_arc_good,-3.066664457321167
502,251,neg_arc_bad,-2.5127205848693848
503,251,neg_main_good,-1.649385690689087
503,251,neg_main_bad,-2.457016706466675
503,251,neg_arc_good,-2.305711507797241
503,251,neg_arc_bad,-1.7999546527862549
504,252,neg_main_good,-2.5633788108825684
504,252,neg_main_bad,-3.178203582763672
504,252,neg_arc_good,-3.5708985328674316
504,252,neg_arc_bad,-2.9952969551086426
505,252,neg_main_good,-2.4320950508117676
505,252,neg_main_bad,-3.0785446166992188
505,252,neg_arc_good,-3.386137008666992
505,252,neg_arc_bad,-2.7099902629852295
506,253,neg_main_good,-1.8866603374481201
506,253,neg_main_bad,-2.33695650100708
506,253,neg_arc_good,-3.1093366146087646
506,253,neg_arc_bad,-2.3910012245178223
507,253,neg_main_good,-1.7015388011932373
507,253,neg_main_bad,-2.389465570449829
507,253,neg_arc_good,-2.4819822311401367
507,253,neg_arc_bad,-2.141040086746216
508,254,neg_main_good,-1.78436279296875
508,254,neg_main_bad,-2.1680595874786377
508,254,neg_arc_good,-2.866879463195801
508,254,neg_arc_bad,-2.4449732303619385
509,254,neg_main_good,-1.5565814971923828
509,254,neg_main_bad,-2.243828773498535
509,254,neg_arc_good,-2.331125020980835
509,254,neg_arc_bad,-1.932740330696106
510,255,neg_main_good,-2.1262173652648926
510,255,neg_main_bad,-2.810234546661377
510,255,neg_arc_good,-3.3370461463928223
510,255,neg_arc_bad,-2.799497604370117
511,255,neg_main_good,-2.215132236480713
511,255,neg_main_bad,-2.966691493988037
511,255,neg_arc_good,-2.812286853790283
511,255,neg_arc_bad,-2.1953580379486084
512,256,neg_main_good,-1.523081660270691
512,256,neg_main_bad,-1.9278345108032227
512,256,neg_arc_good,-2.4838368892669678
512,256,neg_arc_bad,-2.325242280960083
513,256,neg_main_good,-1.6653800010681152
513,256,neg_main_bad,-2.012423276901245
513,256,neg_arc_good,-2.0780751705169678
513,256,neg_arc_bad,-1.8411494493484497
514,257,neg_main_good,-1.7315376996994019
514,257,neg_main_bad,-2.3403398990631104
514,257,neg_arc_good,-3.0516083240509033
514,257,neg_arc_bad,-2.464202404022217
515,257,neg_main_good,-1.8791191577911377
515,257,neg_main_bad,-2.495551109313965
515,257,neg_arc_good,-2.3983821868896484
515,257,neg_arc_bad,-1.8899595737457275
516,258,neg_main_good,-1.8366960287094116
516,258,neg_main_bad,-2.4106388092041016
516,258,neg_arc_good,-3.1533355712890625
516,258,neg_arc_bad,-2.408705711364746
517,258,neg_main_good,-1.8345280885696411
517,258,neg_main_bad,-2.6820168495178223
517,258,neg_arc_good,-2.6464333534240723
517,258,neg_arc_bad,-2.1365466117858887
518,259,neg_main_good,-2.2532544136047363
518,259,neg_main_bad,-2.6218276023864746
518,259,neg_arc_good,-3.1770029067993164
518,259,neg_arc_bad,-2.630406379699707
519,259,neg_main_good,-2.3422298431396484
519,259,neg_main_bad,-2.7384228706359863
519,259,neg_arc_good,-2.8532137870788574
519,259,neg_arc_bad,-2.7056684494018555
520,260,neg_main_good,-2.1263535022735596
520,260,neg_main_bad,-2.537837028503418
520,260,neg_arc_good,-3.0683939456939697
520,260,neg_arc_bad,-2.5404679775238037
521,260,neg_main_good,-2.134687900543213
521,260,neg_main_bad,-2.731077194213867
521,260,neg_arc_good,-3.096604585647583
521,260,neg_arc_bad,-2.784705638885498
522,261,neg_main_good,-2.137140989303589
522,261,neg_main_bad,-2.528674602508545
522,261,neg_arc_good,-3.2026705741882324
522,261,neg_arc_bad,-2.812826156616211
523,261,neg_main_good,-2.0699403285980225
523,261,neg_main_bad,-2.5445847511291504
523,261,neg_arc_good,-2.7254538536071777
523,261,neg_arc_bad,-2.3449339866638184
524,262,neg_main_good,-2.533303737640381
524,262,neg_main_bad,-3.06101655960083
524,262,neg_arc_good,-3.100841760635376
524,262,neg_arc_bad,-2.721196174621582
525,262,neg_main_good,-2.0377650260925293
525,262,neg_main_bad,-2.481368064880371
525,262,neg_arc_good,-3.1093497276306152
525,262,neg_arc_bad,-2.7362098693847656
526,263,neg_main_good,-1.8304365873336792
526,263,neg_main_bad,-2.2809362411499023
526,263,neg_arc_good,-2.7692384719848633
526,263,neg_arc_bad,-2.2783048152923584
527,263,neg_main_good,-1.6519668102264404
527,263,neg_main_bad,-2.1771416664123535
527,263,neg_arc_good,-2.5003745555877686
527,263,neg_arc_bad,-2.0051584243774414
528,264,neg_main_good,-1.708645224571228
528,264,neg_main_bad,-2.3863401412963867
528,264,neg_arc_good,-2.7938969135284424
528,264,neg_arc_bad,-2.1044938564300537
529,264,neg_main_good,-1.7041640281677246
529,264,neg_main_bad,-2.237760305404663
529,264,neg_arc_good,-2.8369593620300293
529,264,neg_arc_bad,-2.3857970237731934
530,265,neg_main_good,-1.9849975109100342
530,265,neg_main_bad,-2.4839797019958496
530,265,neg_arc_good,-3.233396053314209
530,265,neg_arc_bad,-2.648623466491699
531,265,neg_main_good,-2.140061855316162
531,265,neg_main_bad,-2.7834105491638184
531,265,neg_arc_good,-2.951920509338379
531,265,neg_arc_bad,-2.5323288440704346
532,266,neg_main_good,-2.6866064071655273
532,266,neg_main_bad,-3.1167654991149902
532,266,neg_arc_good,-3.3960511684417725
532,266,neg_arc_bad,-2.81365966796875
533,266,neg_main_good,-2.436197280883789
533,266,neg_main_bad,-2.94944429397583
533,266,neg_arc_good,-3.3663995265960693
533,266,neg_arc_bad,-2.9564080238342285
534,267,neg_main_good,-1.8063349723815918
534,267,neg_main_bad,-2.739029884338379
534,267,neg_arc_good,-3.1566009521484375
534,267,neg_arc_bad,-2.3802764415740967
535,267,neg_main_good,-1.4324760437011719
535,267,neg_main_bad,-2.158050537109375
535,267,neg_arc_good,-2.7499074935913086
535,267,neg_arc_bad,-1.9627946615219116
536,268,neg_main_good,-1.829624056816101
536,268,neg_main_bad,-2.7565410137176514
536,268,neg_arc_good,-3.1833715438842773
536,268,neg_arc_bad,-2.497260093688965
537,268,neg_main_good,-1.795941948890686
537,268,neg_main_bad,-2.4931764602661133
537,268,neg_arc_good,-3.1100339889526367
537,268,neg_arc_bad,-2.3491909503936768
538,269,neg_main_good,-1.9097509384155273
538,269,neg_main_bad,-2.5208792686462402
538,269,neg_arc_good,-3.1289315223693848
538,269,neg_arc_bad,-2.5058581829071045
539,269,neg_main_good,-2.263585329055786
539,269,neg_main_bad,-2.799160957336426
539,269,neg_arc_good,-3.118326187133789
539,269,neg_arc_bad,-2.6621408462524414
540,270,neg_main_good,-1.7949601411819458
540,270,neg_main_bad,-2.701691150665283
540,270,neg_arc_good,-2.781129837036133
540,270,neg_arc_bad,-2.1922481060028076
541,270,neg_main_good,-1.6502991914749146
541,270,neg_main_bad,-2.379490375518799
541,270,neg_arc_good,-3.4546940326690674
541,270,neg_arc_bad,-2.5960779190063477
542,271,neg_main_good,-1.715230941772461
542,271,neg_main_bad,-2.5554521083831787
542,271,neg_arc_good,-3.021146774291992
542,271,neg_arc_bad,-2.375375986099243
543,271,neg_main_good,-1.8327040672302246
543,271,neg_main_bad,-2.6243529319763184
543,271,neg_arc_good,-3.753972053527832
543,271,neg_arc_bad,-2.9219093322753906
544,272,neg_main_good,-1.7245819568634033
544,272,neg_main_bad,-2.432145118713379
544,272,neg_arc_good,-2.4479401111602783
544,272,neg_arc_bad,-2.1772055625915527
545,272,neg_main_good,-1.4298455715179443
545,272,neg_main_bad,-1.9049667119979858
545,272,neg_arc_good,-3.132391929626465
545,272,neg_arc_bad,-2.55444073677063
546,273,neg_main_good,-1.5859869718551636
546,273,neg_main_bad,-2.1453757286071777
546,273,neg_arc_good,-2.8340935707092285
546,273,neg_arc_bad,-2.171417713165283
547,273,neg_main_good,-1.8695884943008423
547,273,neg_main_bad,-2.5314207077026367
547,273,neg_arc_good,-3.138484001159668
547,273,neg_arc_bad,-2.615933895111084
548,274,neg_main_good,-2.0538437366485596
548,274,neg_main_bad,-2.8458776473999023
548,274,neg_arc_good,-2.9039931297302246
548,274,neg_arc_bad,-2.452270984649658
549,274,neg_main_good,-1.7999207973480225
549,274,neg_main_bad,-2.4049224853515625
549,274,neg_arc_good,-3.3496429920196533
549,274,neg_arc_bad,-2.6283838748931885
550,275,neg_main_good,-1.9925343990325928
550,275,neg_main_bad,-2.8160204887390137
550,275,neg_arc_good,-3.477108955383301
550,275,neg_arc_bad,-2.7987475395202637
551,275,neg_main_good,-1.849794626235962
551,275,neg_main_bad,-2.632131576538086
551,275,neg_arc_good,-3.3136980533599854
551,275,neg_arc_bad,-2.740147113800049
552,276,neg_main_good,-1.9670417308807373
552,276,neg_main_bad,-2.6147866249084473
552,276,neg_arc_good,-2.9468889236450195
552,276,neg_arc_bad,-2.3297080993652344
553,276,neg_main_good,-1.7947663068771362
553,276,neg_main_bad,-2.48325777053833
553,276,neg_arc_good,-3.721050262451172
553,276,neg_arc_bad,-2.9514498710632324
554,277,neg_main_good,-2.1703128814697266
554,277,neg_main_bad,-2.7542808055877686
554,277,neg_arc_good,-3.0066816806793213
554,277,neg_arc_bad,-2.7178025245666504
555,277,neg_main_good,-2.2752859592437744
555,277,neg_main_bad,-2.603206157684326
555,277,neg_arc_good,-3.728541374206543
555,277,neg_arc_bad,-3.4803266525268555
556,278,neg_main_good,-2.6115667819976807
556,278,neg_main_bad,-3.4593441486358643
556,278,neg_arc_good,-3.726104259490967
556,278,neg_arc_bad,-3.092849016189575
557,278,neg_main_good,-2.2975194454193115
557,278,neg_main_bad,-2.9647066593170166
557,278,neg_arc_good,-4.256532669067383
557,278,neg_arc_bad,-3.5616559982299805
558,279,neg_main_good,-1.9707988500595093
558,279,neg_main_bad,-2.8919103145599365
558,279,neg_arc_good,-3.177727699279785
558,279,neg_arc_bad,-2.616147994995117
559,279,neg_main_good,-2.0030665397644043
559,279,neg_main_bad,-2.8283770084381104
559,279,neg_arc_good,-3.748358726501465
559,279,neg_arc_bad,-2.880523204803467
560,280,neg_main_good,-1.8469713926315308
560,280,neg_main_bad,-2.2386391162872314
560,280,neg_arc_good,-3.079887866973877
560,280,neg_arc_bad,-2.5830435752868652
561,280,neg_main_good,-2.1421079635620117
561,280,neg_main_bad,-2.5470006465911865
561,280,neg_arc_good,-3.3384592533111572
561,280,neg_arc_bad,-3.096403121948242
562,281,neg_main_good,-1.947800874710083
562,281,neg_main_bad,-2.622539520263672
562,281,neg_arc_good,-3.2591428756713867
562,281,neg_arc_bad,-2.558171033859253
563,281,neg_main_good,-1.9092952013015747
563,281,neg_main_bad,-2.665884494781494
563,281,neg_arc_good,-3.6381406784057617
563,281,neg_arc_bad,-2.988053321838379
564,282,neg_main_good,-1.5694727897644043
564,282,neg_main_bad,-2.024461030960083
564,282,neg_arc_good,-3.2101550102233887
564,282,neg_arc_bad,-2.627915859222412
565,282,neg_main_good,-1.9646294116973877
565,282,neg_main_bad,-2.6788320541381836
565,282,neg_arc_good,-2.934201240539551
565,282,neg_arc_bad,-2.465759754180908
566,283,neg_main_good,-1.8225879669189453
566,283,neg_main_bad,-2.193554401397705
566,283,neg_arc_good,-3.0904548168182373
566,283,neg_arc_bad,-2.636720657348633
567,283,neg_main_good,-1.831398844718933
567,283,neg_main_bad,-2.430683135986328
567,283,neg_arc_good,-2.8174524307250977
567,283,neg_arc_bad,-2.492370367050171
568,284,neg_main_good,-1.8937487602233887
568,284,neg_main_bad,-2.5365025997161865
568,284,neg_arc_good,-3.1126596927642822
568,284,neg_arc_bad,-2.4712650775909424
569,284,neg_main_good,-1.888192892074585
569,284,neg_main_bad,-2.610642910003662
569,284,neg_arc_good,-3.3944320678710938
569,284,neg_arc_bad,-2.9242756366729736
570,285,neg_main_good,-2.755913257598877
570,285,neg_main_bad,-3.326833963394165
570,285,neg_arc_good,-4.01304817199707
570,285,neg_arc_bad,-3.436218738555908
571,285,neg_main_good,-2.350952625274658
571,285,neg_main_bad,-3.093236207962036
571,285,neg_arc_good,-3.7162835597991943
571,285,neg_arc_bad,-3.2894439697265625
572,286,neg_main_good,-1.7536497116088867
572,286,neg_main_bad,-2.5703377723693848
572,286,neg_arc_good,-3.4584813117980957
572,286,neg_arc_bad,-2.7404589653015137
573,286,neg_main_good,-1.8189504146575928
573,286,neg_main_bad,-2.6066131591796875
573,286,neg_arc_good,-3.1270558834075928
573,286,neg_arc_bad,-2.602140426635742
574,287,neg_main_good,-2.046652317047119
574,287,neg_main_bad,-2.4538774490356445
574,287,neg_arc_good,-3.197481155395508
574,287,neg_arc_bad,-2.6493444442749023
575,287,neg_main_good,-1.954198956489563
575,287,neg_main_bad,-2.726741313934326
575,287,neg_arc_good,-3.1686906814575195
575,287,neg_arc_bad,-2.7482128143310547
576,288,neg_main_good,-1.6020334959030151
576,288,neg_main_bad,-2.0627989768981934
576,288,neg_arc_good,-2.789173126220703
576,288,neg_arc_bad,-2.1552634239196777
577,288,neg_main_good,-1.5864243507385254
577,288,neg_main_bad,-2.310394763946533
577,288,neg_arc_good,-2.930279493331909
577,288,neg_arc_bad,-2.481379985809326
578,289,neg_main_good,-1.772322416305542
578,289,neg_main_bad,-2.42144775390625
578,289,neg_arc_good,-2.872657299041748
578,289,neg_arc_bad,-2.3912649154663086
579,289,neg_main_good,-1.6115288734436035
579,289,neg_main_bad,-2.1901845932006836
579,289,neg_arc_good,-2.7242064476013184
579,289,neg_arc_bad,-2.3309149742126465
580,290,neg_main_good,-2.139636754989624
580,290,neg_main_bad,-2.764798164367676
580,290,neg_arc_good,-3.2629785537719727
580,290,neg_arc_bad,-2.7324085235595703
581,290,neg_main_good,-2.1237123012542725
581,290,neg_main_bad,-2.7773585319519043
581,290,neg_arc_good,-3.2383925914764404
581,290,neg_arc_bad,-2.6458687782287598
582,291,neg_main_good,-2.5169692039489746
582,291,neg_main_bad,-3.0753681659698486
582,291,neg_arc_good,-3.789909839630127
582,291,neg_arc_bad,-3.3003413677215576
583,291,neg_main_good,-2.351728677749634
583,291,neg_main_bad,-2.9895529747009277
583,291,neg_arc_good,-3.3426246643066406
583,291,neg_arc_bad,-2.9409751892089844
584,292,neg_main_good,-1.9758648872375488
584,292,neg_main_bad,-2.632444143295288
584,292,neg_arc_good,-3.2033095359802246
584,292,neg_arc_bad,-2.690131187438965
585,292,neg_main_good,-2.101897716522217
585,292,neg_main_bad,-2.795161247253418
585,292,neg_arc_good,-3.3675897121429443
585,292,neg_arc_bad,-2.7822513580322266
586,293,neg_main_good,-2.017714023590088
586,293,neg_main_bad,-2.697908878326416
586,293,neg_arc_good,-3.2982873916625977
586,293,neg_arc_bad,-2.873497724533081
587,293,neg_main_good,-2.1062870025634766
587,293,neg_main_bad,-2.7856101989746094
587,293,neg_arc_good,-3.2840583324432373
587,293,neg_arc_bad,-2.790713310241699
588,294,neg_main_good,-1.620624303817749
588,294,neg_main_bad,-2.338381767272949
588,294,neg_arc_good,-2.9878158569335938
588,294,neg_arc_bad,-2.245196580886841
589,294,neg_main_good,-1.815260410308838
589,294,neg_main_bad,-2.490617275238037
589,294,neg_arc_good,-3.244140625
589,294,neg_arc_bad,-2.7407145500183105
590,295,neg_main_good,-1.6089200973510742
590,295,neg_main_bad,-2.115847110748291
590,295,neg_arc_good,-2.717547655105591
590,295,neg_arc_bad,-2.2823123931884766
591,295,neg_main_good,-1.4748473167419434
591,295,neg_main_bad,-2.158191204071045
591,295,neg_arc_good,-2.7578928470611572
591,295,neg_arc_bad,-2.205960988998413
592,296,neg_main_good,-1.9728578329086304
592,296,neg_main_bad,-2.2451460361480713
592,296,neg_arc_good,-2.950888156890869
592,296,neg_arc_bad,-2.585146903991699
593,296,neg_main_good,-2.153491973876953
593,296,neg_main_bad,-2.7503151893615723
593,296,neg_arc_good,-2.8138036727905273
593,296,neg_arc_bad,-2.397155284881592
594,297,neg_main_good,-1.3732249736785889
594,297,neg_main_bad,-2.2675132751464844
594,297,neg_arc_good,-2.7928504943847656
594,297,neg_arc_bad,-2.122323751449585
595,297,neg_main_good,-1.4608526229858398
595,297,neg_main_bad,-2.2426774501800537
595,297,neg_arc_good,-3.0107192993164062
595,297,neg_arc_bad,-2.328291893005371
596,298,neg_main_good,-2.3463199138641357
596,298,neg_main_bad,-3.172011613845825
596,298,neg_arc_good,-3.5879969596862793
596,298,neg_arc_bad,-3.0557286739349365
597,298,neg_main_good,-2.4326694011688232
597,298,neg_main_bad,-3.014044761657715
597,298,neg_arc_good,-3.8226466178894043
597,298,neg_arc_bad,-3.3813934326171875
598,299,neg_main_good,-1.5919976234436035
598,299,neg_main_bad,-2.2851338386535645
598,299,neg_arc_good,-2.8737149238586426
598,299,neg_arc_bad,-2.3142683506011963
599,299,neg_main_good,-1.552800178527832
599,299,neg_main_bad,-2.267381191253662
599,299,neg_arc_good,-2.559091091156006
599,299,neg_arc_bad,-1.9828760623931885
